#ifndef NETWORK_MODEL_H
#define NETWORK_MODEL_H

const unsigned int network_model_dim1 = 20668;

const unsigned char network_model[20668] = {
    0x1c, 0x00, 0x00, 0x00, 0x54, 0x46, 0x4c, 0x33, 0x14, 0x00, 0x20, 0x00, 
    0x1c, 0x00, 0x18, 0x00, 0x14, 0x00, 0x10, 0x00, 0x0c, 0x00, 0x00, 0x00, 
    0x08, 0x00, 0x04, 0x00, 0x14, 0x00, 0x00, 0x00, 0x1c, 0x00, 0x00, 0x00, 
    0x8c, 0x00, 0x00, 0x00, 0xe4, 0x00, 0x00, 0x00, 0x80, 0x4a, 0x00, 0x00, 
    0x90, 0x4a, 0x00, 0x00, 0x58, 0x50, 0x00, 0x00, 0x03, 0x00, 0x00, 0x00, 
    0x01, 0x00, 0x00, 0x00, 0x10, 0x00, 0x00, 0x00, 0x00, 0x00, 0x0a, 0x00, 
    0x10, 0x00, 0x0c, 0x00, 0x08, 0x00, 0x04, 0x00, 0x0a, 0x00, 0x00, 0x00, 
    0x0c, 0x00, 0x00, 0x00, 0x1c, 0x00, 0x00, 0x00, 0x38, 0x00, 0x00, 0x00, 
    0x0f, 0x00, 0x00, 0x00, 0x73, 0x65, 0x72, 0x76, 0x69, 0x6e, 0x67, 0x5f, 
    0x64, 0x65, 0x66, 0x61, 0x75, 0x6c, 0x74, 0x00, 0x01, 0x00, 0x00, 0x00, 
    0x04, 0x00, 0x00, 0x00, 0x9c, 0xff, 0xff, 0xff, 0x0a, 0x00, 0x00, 0x00, 
    0x04, 0x00, 0x00, 0x00, 0x07, 0x00, 0x00, 0x00, 0x64, 0x65, 0x6e, 0x73, 
    0x65, 0x5f, 0x32, 0x00, 0x01, 0x00, 0x00, 0x00, 0x04, 0x00, 0x00, 0x00, 
    0x62, 0xb5, 0xff, 0xff, 0x04, 0x00, 0x00, 0x00, 0x07, 0x00, 0x00, 0x00, 
    0x69, 0x6e, 0x70, 0x75, 0x74, 0x5f, 0x31, 0x00, 0x02, 0x00, 0x00, 0x00, 
    0x34, 0x00, 0x00, 0x00, 0x04, 0x00, 0x00, 0x00, 0xdc, 0xff, 0xff, 0xff, 
    0x0d, 0x00, 0x00, 0x00, 0x04, 0x00, 0x00, 0x00, 0x13, 0x00, 0x00, 0x00, 
    0x43, 0x4f, 0x4e, 0x56, 0x45, 0x52, 0x53, 0x49, 0x4f, 0x4e, 0x5f, 0x4d, 
    0x45, 0x54, 0x41, 0x44, 0x41, 0x54, 0x41, 0x00, 0x08, 0x00, 0x0c, 0x00, 
    0x08, 0x00, 0x04, 0x00, 0x08, 0x00, 0x00, 0x00, 0x0c, 0x00, 0x00, 0x00, 
    0x04, 0x00, 0x00, 0x00, 0x13, 0x00, 0x00, 0x00, 0x6d, 0x69, 0x6e, 0x5f, 
    0x72, 0x75, 0x6e, 0x74, 0x69, 0x6d, 0x65, 0x5f, 0x76, 0x65, 0x72, 0x73, 
    0x69, 0x6f, 0x6e, 0x00, 0x0e, 0x00, 0x00, 0x00, 0x98, 0x49, 0x00, 0x00, 
    0x90, 0x49, 0x00, 0x00, 0x00, 0x49, 0x00, 0x00, 0xe8, 0x48, 0x00, 0x00, 
    0xd8, 0x47, 0x00, 0x00, 0xc8, 0x21, 0x00, 0x00, 0xb8, 0x01, 0x00, 0x00, 
    0xa8, 0x00, 0x00, 0x00, 0xa0, 0x00, 0x00, 0x00, 0x98, 0x00, 0x00, 0x00, 
    0x90, 0x00, 0x00, 0x00, 0x88, 0x00, 0x00, 0x00, 0x68, 0x00, 0x00, 0x00, 
    0x04, 0x00, 0x00, 0x00, 0x0e, 0xb6, 0xff, 0xff, 0x04, 0x00, 0x00, 0x00, 
    0x54, 0x00, 0x00, 0x00, 0x0c, 0x00, 0x00, 0x00, 0x08, 0x00, 0x0e, 0x00, 
    0x08, 0x00, 0x04, 0x00, 0x08, 0x00, 0x00, 0x00, 0x10, 0x00, 0x00, 0x00, 
    0x24, 0x00, 0x00, 0x00, 0x00, 0x00, 0x06, 0x00, 0x08, 0x00, 0x04, 0x00, 
    0x06, 0x00, 0x00, 0x00, 0x04, 0x00, 0x00, 0x00, 0x00, 0x00, 0x00, 0x00, 
    0x00, 0x00, 0x0a, 0x00, 0x10, 0x00, 0x0c, 0x00, 0x08, 0x00, 0x04, 0x00, 
    0x0a, 0x00, 0x00, 0x00, 0x02, 0x00, 0x00, 0x00, 0x02, 0x00, 0x00, 0x00, 
    0x04, 0x00, 0x00, 0x00, 0x06, 0x00, 0x00, 0x00, 0x32, 0x2e, 0x31, 0x34, 
    0x2e, 0x31, 0x00, 0x00, 0x6e, 0xb6, 0xff, 0xff, 0x04, 0x00, 0x00, 0x00, 
    0x10, 0x00, 0x00, 0x00, 0x31, 0x2e, 0x35, 0x2e, 0x30, 0x00, 0x00, 0x00, 
    0x00, 0x00, 0x00, 0x00, 0x00, 0x00, 0x00, 0x00, 0x6c, 0xb1, 0xff, 0xff, 
    0x70, 0xb1, 0xff, 0xff, 0x74, 0xb1, 0xff, 0xff, 0x78, 0xb1, 0xff, 0xff, 
    0x9a, 0xb6, 0xff, 0xff, 0x04, 0x00, 0x00, 0x00, 0x00, 0x01, 0x00, 0x00, 
    0xca, 0x21, 0x02, 0x3e, 0x4c, 0xeb, 0x8a, 0xbe, 0x27, 0x9a, 0xb5, 0xbe, 
    0xe1, 0x11, 0x4d, 0x3e, 0x01, 0x29, 0xd0, 0x3e, 0xb4, 0xf4, 0xd7, 0xbe, 
    0x79, 0x25, 0xce, 0xbe, 0xa7, 0xfb, 0x6e, 0x3f, 0xf9, 0xea, 0xd5, 0x3e, 
    0xfb, 0x8b, 0xe2, 0x3e, 0xf8, 0xc5, 0xad, 0xbd, 0x5d, 0x29, 0xaf, 0x3e, 
    0x3f, 0xa1, 0x30, 0xbf, 0x39, 0xe8, 0xf0, 0xbd, 0x0d, 0x21, 0xe1, 0xbe, 
    0x94, 0xf6, 0xd2, 0x3e, 0x08, 0xbc, 0x17, 0xbe, 0x34, 0x93, 0xc2, 0x3e, 
    0x7c, 0xc8, 0x26, 0xbf, 0xbf, 0x33, 0x2f, 0xbf, 0xf1, 0x2c, 0x0b, 0xbf, 
    0x20, 0x5c, 0x47, 0x3e, 0x03, 0x49, 0xe8, 0xbe, 0x73, 0xf3, 0xad, 0xbe, 
    0xd7, 0x95, 0x22, 0xbe, 0x9e, 0x13, 0x67, 0xbe, 0x6c, 0x4d, 0x4b, 0x3f, 
    0xd9, 0xde, 0x03, 0x3f, 0x57, 0x1b, 0x90, 0x3c, 0xe6, 0x6e, 0xc6, 0x3e, 
    0xa0, 0xfd, 0x2a, 0x3e, 0x21, 0x8a, 0x06, 0xbf, 0xf4, 0xbb, 0x03, 0xbf, 
    0x01, 0xcb, 0x49, 0xbe, 0x57, 0x0c, 0xf4, 0x3e, 0xdc, 0xe9, 0xfe, 0xbe, 
    0x61, 0x6a, 0x1c, 0xbf, 0x5c, 0x67, 0x16, 0x3f, 0xf2, 0x80, 0xb1, 0xbe, 
    0x5d, 0x1e, 0xb1, 0xbe, 0x2f, 0xd9, 0xaa, 0x3c, 0xaa, 0x42, 0x07, 0xbf, 
    0xed, 0xca, 0x34, 0x3e, 0x2a, 0x03, 0x5f, 0x3e, 0xac, 0x7e, 0x16, 0x3f, 
    0x12, 0x07, 0xd3, 0x3d, 0xb9, 0x16, 0xeb, 0xbd, 0x78, 0x63, 0x77, 0xbe, 
    0xa5, 0x81, 0xb5, 0x3e, 0x6f, 0x5e, 0x42, 0xbf, 0x4f, 0xef, 0x22, 0x3e, 
    0xc6, 0x75, 0xc7, 0x3e, 0xfe, 0x42, 0x61, 0x3e, 0xa3, 0xa7, 0x86, 0xbe, 
    0x09, 0xa9, 0xf7, 0x3e, 0x07, 0x20, 0x09, 0x3e, 0x45, 0x7d, 0xa3, 0xbd, 
    0x15, 0xcf, 0x4c, 0x3f, 0xc4, 0xc1, 0x86, 0xbe, 0x41, 0x7a, 0xd0, 0xbd, 
    0x15, 0xd9, 0xfc, 0x3d, 0x1e, 0xee, 0xed, 0xbe, 0x60, 0x6f, 0x3e, 0xbf, 
    0x58, 0xfa, 0xcc, 0x3e, 0xa6, 0xb7, 0xff, 0xff, 0x04, 0x00, 0x00, 0x00, 
    0x00, 0x20, 0x00, 0x00, 0xfc, 0x78, 0x15, 0xbf, 0xb6, 0x2a, 0x88, 0x3e, 
    0xd0, 0x62, 0xb0, 0x3e, 0x14, 0xad, 0x85, 0xbe, 0x82, 0x18, 0x41, 0xbe, 
    0x4c, 0xd8, 0x37, 0x3e, 0xc1, 0xe9, 0xcd, 0x3d, 0xe2, 0x24, 0x79, 0x3e, 
    0xde, 0xcf, 0x20, 0xbd, 0xc9, 0x8b, 0x84, 0xbe, 0x45, 0x3c, 0x3d, 0x3d, 
    0xe6, 0x42, 0x2c, 0x3d, 0x29, 0x37, 0x98, 0x3a, 0x98, 0x0e, 0xae, 0xbd, 
    0x69, 0xb1, 0x97, 0xbc, 0x82, 0xad, 0x6c, 0xbe, 0xe3, 0xee, 0xd1, 0xbd, 
    0x6c, 0x3e, 0xc4, 0x3d, 0x98, 0x1e, 0xd2, 0x3d, 0x0f, 0x7e, 0x05, 0xbd, 
    0x6d, 0x79, 0x8a, 0x3e, 0xb7, 0x58, 0x84, 0x3e, 0xe6, 0x9c, 0x01, 0xbf, 
    0xa6, 0x0a, 0xb3, 0xbe, 0x81, 0x57, 0xd6, 0xbd, 0x33, 0x4c, 0x66, 0x3e, 
    0xcf, 0x71, 0xbe, 0xbe, 0x23, 0xfc, 0x84, 0x3e, 0x46, 0xd8, 0x83, 0x3e, 
    0x36, 0xbe, 0xa4, 0x3d, 0x82, 0x1d, 0x29, 0xbd, 0x07, 0x5a, 0xff, 0x3c, 
    0x1d, 0xbb, 0x85, 0xbd, 0xf8, 0x3d, 0xba, 0x3d, 0xb1, 0x31, 0x04, 0xbe, 
    0x49, 0xac, 0xbb, 0x3e, 0x14, 0x28, 0x2c, 0xbe, 0x30, 0x8a, 0xc7, 0xbe, 
    0x0b, 0x20, 0x7b, 0x3e, 0x17, 0xc0, 0xcd, 0x3d, 0x8e, 0xe1, 0x12, 0xbe, 
    0x5f, 0xd2, 0x6c, 0xbd, 0xcc, 0x5b, 0xc0, 0x3c, 0x7a, 0x44, 0x5c, 0xbe, 
    0x11, 0xd3, 0x9a, 0xbe, 0x77, 0x8a, 0x91, 0x3e, 0xcf, 0xb3, 0xdf, 0x3e, 
    0x76, 0x71, 0x81, 0x3e, 0x6d, 0x0b, 0x6d, 0xbe, 0x9c, 0xfa, 0x67, 0x3e, 
    0xb8, 0xf7, 0x39, 0xbe, 0xf7, 0x06, 0xa9, 0x3e, 0xca, 0xc7, 0x87, 0xbd, 
    0x39, 0xf2, 0x2f, 0xbe, 0xbe, 0xf0, 0x8c, 0x3b, 0xa2, 0x08, 0x69, 0x3e, 
    0x41, 0x5e, 0x8e, 0x3d, 0xc3, 0x56, 0x11, 0xbc, 0x0c, 0xff, 0x90, 0xbe, 
    0xba, 0xc8, 0xf9, 0x3c, 0xfd, 0x73, 0xf7, 0xbd, 0x61, 0xa8, 0xab, 0x3e, 
    0x1a, 0x7e, 0x21, 0x3e, 0x1b, 0xf7, 0xf6, 0x3d, 0x36, 0x32, 0x84, 0xbd, 
    0x50, 0x73, 0x01, 0x3e, 0x27, 0xf3, 0x09, 0x3d, 0xf6, 0x1b, 0x97, 0x3e, 
    0x91, 0xde, 0x12, 0x3e, 0xd7, 0xb0, 0x88, 0xbd, 0x31, 0x7b, 0xc1, 0xbd, 
    0xe2, 0x58, 0x25, 0xbe, 0x42, 0xf8, 0xf3, 0xbd, 0x70, 0x20, 0xb4, 0x3d, 
    0x63, 0xae, 0x9b, 0x3d, 0x63, 0x47, 0x07, 0x3e, 0x75, 0xdf, 0x94, 0x3e, 
    0x5f, 0x32, 0x8e, 0x3d, 0x57, 0x7c, 0x8f, 0x3d, 0x67, 0xc0, 0x27, 0x3e, 
    0x60, 0xe6, 0x78, 0x3c, 0x5c, 0xfb, 0x84, 0xbc, 0x33, 0x7f, 0x61, 0x3d, 
    0x42, 0x3e, 0x92, 0x3c, 0xb4, 0xbb, 0x3e, 0xbe, 0x2e, 0x3f, 0xe4, 0x3d, 
    0x78, 0x44, 0x8b, 0x3e, 0x34, 0xf7, 0x0c, 0xbd, 0xad, 0x78, 0xf0, 0x3d, 
    0xd4, 0x19, 0x3d, 0xbd, 0xd0, 0x75, 0x00, 0x3f, 0x1e, 0x6c, 0x05, 0x3e, 
    0xc8, 0x24, 0xe8, 0x3d, 0x2c, 0x10, 0x0d, 0x3e, 0x85, 0x4c, 0xe6, 0xbd, 
    0xe7, 0xe5, 0xf0, 0x3c, 0xd6, 0x73, 0xe3, 0x3e, 0x42, 0xe0, 0x5a, 0x3e, 
    0xdb, 0xf2, 0xd2, 0x3c, 0x84, 0x22, 0x3f, 0xbd, 0xcb, 0x57, 0xfa, 0x3c, 
    0x20, 0xb9, 0x93, 0x3c, 0x1d, 0xf3, 0x46, 0xbe, 0x59, 0x33, 0x1c, 0x3e, 
    0x60, 0x38, 0x2a, 0x3e, 0xe8, 0xf1, 0xd9, 0x3d, 0x48, 0xd3, 0x3b, 0x3e, 
    0x07, 0x69, 0x41, 0x3d, 0x4a, 0x4e, 0x6d, 0x3d, 0x73, 0x70, 0x89, 0xbd, 
    0xa1, 0x9e, 0x1a, 0xbf, 0xd4, 0xff, 0xe8, 0xbc, 0xac, 0x57, 0x78, 0x3e, 
    0xf9, 0x6a, 0x90, 0xbe, 0x66, 0x35, 0x01, 0x3d, 0x94, 0xbf, 0x01, 0xbe, 
    0x35, 0xd4, 0xf3, 0x3d, 0x10, 0xcc, 0x7d, 0x3d, 0x64, 0xb6, 0x47, 0xbe, 
    0xbd, 0xfa, 0xb1, 0xbb, 0xb3, 0x7b, 0x88, 0xbe, 0xac, 0x92, 0xba, 0x3e, 
    0x58, 0x87, 0x27, 0xbe, 0x3c, 0xe8, 0x93, 0xbe, 0xa4, 0x8a, 0x56, 0x3d, 
    0x3d, 0x44, 0x5f, 0xbe, 0x71, 0xa9, 0x95, 0x3b, 0x98, 0x5c, 0xb7, 0x3c, 
    0x97, 0xd1, 0x95, 0x3e, 0x2e, 0x64, 0x6e, 0x3e, 0x83, 0xe6, 0x43, 0x3b, 
    0x53, 0x66, 0x77, 0x3d, 0xd9, 0xba, 0xb1, 0xbe, 0xf9, 0xf5, 0x0f, 0xbe, 
    0x72, 0x33, 0x5c, 0x3d, 0x17, 0xf4, 0x3d, 0xbe, 0x60, 0xbc, 0x46, 0x3d, 
    0x91, 0x3a, 0xaa, 0xbc, 0xa9, 0xe0, 0x94, 0x3e, 0x33, 0xf2, 0xf5, 0x3e, 
    0xc0, 0x60, 0x8b, 0x3c, 0x07, 0x7c, 0x66, 0xbe, 0x5b, 0xbb, 0x9c, 0x3d, 
    0x73, 0x61, 0x02, 0xbe, 0x1a, 0x44, 0xe4, 0x3d, 0x7a, 0x75, 0xd2, 0xbb, 
    0x3d, 0x0d, 0x9a, 0x3e, 0xaf, 0x06, 0x0c, 0xbe, 0xfb, 0x4b, 0x98, 0x3d, 
    0x0d, 0x9c, 0xb0, 0x3d, 0x2e, 0x5a, 0x97, 0x3e, 0xbb, 0x97, 0x09, 0xbe, 
    0xd0, 0x4f, 0x93, 0xbe, 0xc4, 0x35, 0xa1, 0xbe, 0xda, 0x49, 0x12, 0x3f, 
    0x92, 0x70, 0x44, 0xbe, 0x36, 0x4f, 0x83, 0x3e, 0x37, 0x80, 0x4d, 0x3e, 
    0xa6, 0xfc, 0x4a, 0xbe, 0x18, 0x7d, 0xa2, 0x3e, 0x32, 0xa8, 0x0a, 0x3f, 
    0x41, 0xfd, 0x0e, 0xbe, 0xaa, 0x9e, 0x99, 0xbc, 0x7f, 0x5b, 0x52, 0xbe, 
    0x29, 0x48, 0x0f, 0x3e, 0xdd, 0x7c, 0x5f, 0x3e, 0xfc, 0xbb, 0x1f, 0xbf, 
    0x78, 0x3d, 0x78, 0xbe, 0xc3, 0x74, 0x90, 0xbe, 0xff, 0xbf, 0x9e, 0xbe, 
    0xff, 0x2d, 0x4d, 0xbe, 0xb2, 0xdd, 0x39, 0xbe, 0xde, 0x67, 0xa9, 0x3e, 
    0xa8, 0xb0, 0x12, 0x3e, 0x5a, 0x00, 0x4a, 0xbf, 0x9f, 0xd9, 0x50, 0x3e, 
    0x56, 0xff, 0x3a, 0x3a, 0x6d, 0x2c, 0x98, 0xbd, 0x9d, 0xda, 0x81, 0x3d, 
    0x48, 0x10, 0x03, 0xbe, 0x6f, 0xe0, 0xa2, 0xbe, 0xcf, 0x1c, 0xa6, 0x3d, 
    0xcd, 0xa9, 0xe4, 0xbd, 0x7c, 0x4a, 0x26, 0xbd, 0x27, 0xb1, 0xad, 0xbc, 
    0x49, 0x78, 0x1a, 0x3e, 0x59, 0xa5, 0xa6, 0xbd, 0x14, 0xc6, 0x83, 0x3e, 
    0xa5, 0x1b, 0x20, 0x3d, 0x36, 0x03, 0x81, 0xbd, 0xee, 0x86, 0xe5, 0x3b, 
    0x53, 0xea, 0x9e, 0x3e, 0x26, 0x25, 0xbb, 0x3e, 0xc0, 0xf2, 0xfe, 0x3d, 
    0xc8, 0xc7, 0x8a, 0x3e, 0x80, 0x47, 0xe2, 0x3c, 0xfc, 0x4f, 0x55, 0xbd, 
    0x75, 0x36, 0x86, 0xbe, 0x43, 0x99, 0x76, 0x3c, 0x00, 0x04, 0x1f, 0x3e, 
    0x11, 0xbc, 0x13, 0x3e, 0x6c, 0xa5, 0xa7, 0xbe, 0xbf, 0x16, 0xba, 0xbc, 
    0x2a, 0x4b, 0x6e, 0xbe, 0x1a, 0xab, 0x37, 0xbd, 0x49, 0x96, 0x84, 0x3d, 
    0xbd, 0x8b, 0x88, 0x3e, 0x44, 0x9d, 0x52, 0x3e, 0x8d, 0x15, 0x15, 0xbe, 
    0x6b, 0xde, 0xdb, 0xbd, 0xf4, 0x30, 0x02, 0xbf, 0x5b, 0x22, 0xcf, 0x3e, 
    0xff, 0x27, 0x05, 0x3e, 0xec, 0xfc, 0x60, 0x3e, 0x83, 0xf5, 0x8e, 0xbe, 
    0x21, 0x18, 0xdc, 0xbe, 0xa0, 0xf3, 0x36, 0x3e, 0x31, 0xae, 0x68, 0xbe, 
    0x48, 0xc2, 0xfa, 0xbe, 0xea, 0xa8, 0x9c, 0x3e, 0x47, 0x97, 0x07, 0x3d, 
    0x23, 0x4f, 0x15, 0x3a, 0x05, 0x67, 0x1d, 0x3f, 0x22, 0xe9, 0x81, 0xbe, 
    0x01, 0x8d, 0x27, 0xbe, 0xaa, 0x53, 0xe0, 0x3d, 0x6e, 0x0e, 0x67, 0xbf, 
    0x2c, 0xf9, 0x6d, 0xbd, 0x4e, 0x5f, 0xc9, 0x3d, 0x85, 0x04, 0x39, 0xbd, 
    0x58, 0x89, 0x2e, 0x3f, 0x22, 0x2f, 0xd1, 0xbe, 0x3a, 0x6a, 0x8d, 0xbb, 
    0x2e, 0xee, 0x4c, 0x3e, 0x3a, 0xb2, 0xb3, 0xbe, 0x4f, 0x74, 0xf1, 0xbb, 
    0x89, 0xe3, 0x01, 0xbe, 0x43, 0x9e, 0x5d, 0xbe, 0x9f, 0x22, 0x21, 0x3f, 
    0xf1, 0x8b, 0x65, 0x3d, 0x6d, 0xd8, 0x4d, 0x3e, 0x42, 0xe9, 0x02, 0xbd, 
    0xe5, 0x86, 0xf1, 0x3d, 0x41, 0xba, 0x9b, 0x3d, 0x4c, 0x79, 0xe2, 0x3d, 
    0xd3, 0x35, 0xf0, 0xbd, 0xd0, 0x38, 0x35, 0x3e, 0x13, 0xc3, 0x02, 0xbe, 
    0xe8, 0x6e, 0x9a, 0x3e, 0xc9, 0x9c, 0xbe, 0xbd, 0x4c, 0x5b, 0x71, 0x3e, 
    0xd6, 0x0c, 0xdc, 0x3d, 0xa9, 0x6b, 0xd8, 0xbd, 0x0b, 0x6f, 0x64, 0x3e, 
    0x09, 0x70, 0x29, 0x3c, 0x78, 0x9f, 0x8e, 0x3e, 0x33, 0x88, 0x1d, 0x3e, 
    0x67, 0xf1, 0x1d, 0xbe, 0x72, 0xc0, 0xc2, 0x3e, 0x96, 0x55, 0x75, 0xbd, 
    0x25, 0x25, 0x7c, 0xbe, 0x1b, 0xa0, 0x81, 0xbe, 0x19, 0x3f, 0x09, 0xbd, 
    0xe0, 0xeb, 0x1b, 0x3e, 0x98, 0xce, 0x2b, 0x3e, 0x78, 0x80, 0x15, 0x3e, 
    0xb6, 0x91, 0xec, 0xbe, 0xe8, 0xfa, 0x4d, 0xbc, 0x68, 0xf1, 0x23, 0xbf, 
    0x97, 0x64, 0x83, 0xbd, 0x4d, 0x68, 0x10, 0x3e, 0x47, 0x85, 0x49, 0x3e, 
    0x22, 0x6e, 0x18, 0x3e, 0x9e, 0x11, 0x92, 0x3e, 0x83, 0x84, 0xa3, 0x3e, 
    0xa1, 0x6d, 0xab, 0xbe, 0xea, 0x87, 0x2b, 0x3e, 0x9c, 0xdb, 0x03, 0x3e, 
    0x37, 0xee, 0xaf, 0xbc, 0x7d, 0x01, 0x22, 0x3d, 0x8c, 0x70, 0xf9, 0xbe, 
    0xbf, 0x8d, 0x6f, 0x3c, 0x2e, 0xc7, 0x67, 0xbe, 0xe4, 0xe2, 0x88, 0xbe, 
    0x87, 0x8c, 0x80, 0xbe, 0xeb, 0x9e, 0xab, 0xbe, 0x42, 0xde, 0xc8, 0xbd, 
    0xe2, 0x32, 0xbc, 0x3e, 0x94, 0x76, 0x5b, 0xbe, 0x62, 0xc6, 0x1d, 0x3e, 
    0x89, 0x3b, 0x84, 0x3e, 0xd1, 0x41, 0xdb, 0xbd, 0x05, 0x9f, 0x94, 0x3e, 
    0x04, 0xd6, 0x25, 0xbe, 0xa6, 0xe2, 0xd8, 0x3e, 0x22, 0x7c, 0x5d, 0x3e, 
    0xe5, 0x83, 0xf2, 0xbe, 0x13, 0xdc, 0xd8, 0xbc, 0x5b, 0x7c, 0xb5, 0x3e, 
    0x6c, 0x55, 0x92, 0xbc, 0x6e, 0xd3, 0x4b, 0xbe, 0xbb, 0x87, 0x00, 0xbe, 
    0x82, 0xe2, 0x49, 0x3f, 0x25, 0x15, 0x8c, 0x3c, 0x70, 0x46, 0x58, 0x3d, 
    0x41, 0x93, 0x8f, 0x3e, 0xa8, 0x82, 0x4a, 0xbe, 0x5c, 0x64, 0x2d, 0x3e, 
    0x6e, 0xdb, 0xc6, 0xbe, 0x6d, 0x7e, 0x10, 0xbe, 0x7e, 0x1c, 0xe4, 0x3d, 
    0xc8, 0xbd, 0xa8, 0x3d, 0xd0, 0xf6, 0x16, 0x3f, 0x10, 0xd2, 0x09, 0xbf, 
    0xbd, 0x71, 0xb0, 0x3d, 0xd6, 0x12, 0xa0, 0x3e, 0xac, 0xf7, 0x99, 0xbd, 
    0x4a, 0x4d, 0x8c, 0x3e, 0x47, 0xfd, 0x45, 0xbe, 0x37, 0xff, 0x5c, 0x3d, 
    0xda, 0x87, 0xec, 0xbc, 0xf4, 0x18, 0x63, 0x3d, 0xf9, 0xc2, 0xab, 0xbd, 
    0x16, 0x49, 0xcb, 0x3e, 0x7b, 0x32, 0xd3, 0x3e, 0x5c, 0x40, 0x2d, 0xbd, 
    0x96, 0x0c, 0x60, 0xbe, 0xcf, 0x04, 0x49, 0xbe, 0x52, 0xcb, 0x9e, 0xbe, 
    0x37, 0xaf, 0xd3, 0x3d, 0xa5, 0x00, 0x65, 0x3e, 0x0b, 0x1a, 0x17, 0xbd, 
    0x98, 0xe6, 0xb4, 0x3e, 0x50, 0x8f, 0x7e, 0xbe, 0xab, 0xf9, 0x3f, 0x3e, 
    0x8f, 0x0d, 0xcd, 0x3d, 0x8b, 0x48, 0x76, 0xbd, 0xdd, 0xe6, 0x84, 0x3e, 
    0x95, 0xe3, 0x0f, 0x3e, 0x25, 0x33, 0xa4, 0xbc, 0x3c, 0xbe, 0x63, 0xbc, 
    0x6a, 0x26, 0x45, 0x3e, 0xf7, 0xf6, 0xa5, 0x3e, 0xe9, 0xa0, 0x41, 0x3e, 
    0xa5, 0x65, 0x35, 0x3f, 0xcb, 0x0a, 0x23, 0xbe, 0xb6, 0x83, 0x85, 0xbe, 
    0x74, 0xb6, 0xfd, 0x3e, 0x08, 0xfd, 0x92, 0xbd, 0xf9, 0xce, 0x72, 0xbe, 
    0x61, 0x16, 0xdc, 0x3c, 0x90, 0x84, 0x19, 0xbe, 0xc8, 0x78, 0x5e, 0xbd, 
    0x2e, 0xb2, 0x40, 0xbe, 0x9f, 0xe4, 0x7b, 0x3e, 0xa1, 0x36, 0x36, 0xbe, 
    0x21, 0xe6, 0xb7, 0xbe, 0x09, 0xc7, 0x51, 0x3e, 0xa6, 0x18, 0x17, 0xbd, 
    0x97, 0x4b, 0x4f, 0xbe, 0xa4, 0xa2, 0xa3, 0xbe, 0x95, 0x90, 0x3a, 0x3e, 
    0x2f, 0x06, 0x8d, 0xbd, 0xa3, 0x8d, 0xf7, 0x3e, 0xc4, 0xea, 0xdd, 0x3e, 
    0x29, 0xa6, 0xb9, 0x3d, 0x34, 0x46, 0x24, 0xbe, 0xbd, 0x77, 0x02, 0xbf, 
    0x9d, 0x39, 0x8a, 0xbe, 0xcd, 0xa3, 0x7f, 0x3e, 0xe5, 0x7b, 0xb8, 0x3d, 
    0xe9, 0x35, 0xb6, 0x3d, 0x0a, 0x04, 0xcd, 0x3d, 0xb2, 0xd1, 0x71, 0xbe, 
    0xc4, 0xf4, 0x61, 0xbd, 0x4c, 0x59, 0x8e, 0xbe, 0x8b, 0xd1, 0x11, 0x3e, 
    0x50, 0xde, 0x0d, 0x3e, 0xc7, 0xcb, 0x27, 0x3e, 0x3c, 0x51, 0x9b, 0xbe, 
    0x27, 0xd7, 0xf6, 0xbd, 0x21, 0xa6, 0x60, 0x3d, 0x49, 0x39, 0x3e, 0xbe, 
    0x25, 0x43, 0x41, 0x3d, 0x99, 0x9a, 0x67, 0xbe, 0x2c, 0xd8, 0xd9, 0x3d, 
    0x8e, 0x03, 0x67, 0xbd, 0x77, 0x93, 0x67, 0xbb, 0xca, 0x88, 0x46, 0xbe, 
    0x1f, 0xf9, 0x5e, 0xbd, 0x01, 0xc4, 0xbb, 0x3c, 0x40, 0x54, 0x40, 0xbc, 
    0xe5, 0x59, 0x83, 0x3d, 0x27, 0xbf, 0x68, 0xbe, 0xa3, 0x10, 0xe1, 0x3c, 
    0xfa, 0xab, 0x8d, 0x3e, 0x12, 0x1c, 0xcb, 0x3d, 0x26, 0xb7, 0xab, 0xbe, 
    0x0a, 0x9e, 0x01, 0x3e, 0x97, 0xe5, 0xdc, 0x3d, 0x1f, 0x28, 0x70, 0xbe, 
    0xbe, 0x04, 0x8b, 0x3e, 0x54, 0x44, 0x91, 0x3c, 0xc2, 0xec, 0x41, 0xbe, 
    0xc3, 0x55, 0x36, 0xbd, 0x93, 0xbd, 0x1a, 0xbe, 0x8d, 0x6f, 0x02, 0x3f, 
    0xcd, 0xfb, 0x8d, 0x3e, 0x88, 0x60, 0x94, 0x3e, 0xd7, 0x6b, 0x1e, 0x3d, 
    0xc5, 0x3e, 0xa1, 0x3e, 0xdc, 0x21, 0xd2, 0x3d, 0xa7, 0x95, 0x25, 0x3e, 
    0x7c, 0x38, 0x3e, 0xbc, 0x8f, 0xde, 0xe7, 0xbe, 0x14, 0xf1, 0x92, 0x3e, 
    0x18, 0x11, 0x8a, 0x3e, 0x9c, 0x98, 0x95, 0xbe, 0xb4, 0x48, 0x87, 0x3e, 
    0xb1, 0xdf, 0x28, 0xbe, 0x8f, 0xed, 0x81, 0xbe, 0x5e, 0x9f, 0x32, 0x3e, 
    0x40, 0xda, 0xe0, 0xbe, 0x49, 0xe2, 0xed, 0xbc, 0xef, 0xd0, 0x21, 0x3e, 
    0xb5, 0xe5, 0x37, 0x3d, 0xa8, 0x3b, 0xee, 0xbd, 0x76, 0xf3, 0xdd, 0xbc, 
    0xad, 0x40, 0x9d, 0x3e, 0x9e, 0x97, 0xc3, 0xbd, 0xf1, 0x12, 0xc0, 0xbe, 
    0x74, 0xe0, 0x8f, 0xbe, 0x56, 0xbd, 0x0f, 0xbe, 0xc8, 0xf0, 0x24, 0xbe, 
    0xfe, 0x8a, 0x0a, 0xbe, 0xc8, 0x6a, 0x5d, 0xbd, 0xc0, 0xfe, 0x11, 0x3e, 
    0x3f, 0x48, 0xc3, 0xbe, 0x52, 0xee, 0x74, 0x3c, 0x1f, 0xa3, 0x0f, 0x3e, 
    0xc9, 0xff, 0xa3, 0xbd, 0x92, 0x05, 0x98, 0x3e, 0xc3, 0x75, 0xc6, 0x3d, 
    0xb8, 0x15, 0xd9, 0x3d, 0xac, 0x3f, 0x9a, 0x3c, 0x94, 0x96, 0x99, 0xbd, 
    0x18, 0x8f, 0x3e, 0x3d, 0x89, 0x15, 0xcf, 0x3d, 0xe8, 0x28, 0x0c, 0xbc, 
    0x12, 0xb2, 0xfe, 0x3d, 0x5c, 0xb5, 0x12, 0x3f, 0x49, 0xb0, 0xe9, 0xbe, 
    0x16, 0x08, 0xb0, 0x3d, 0x4c, 0x7f, 0xba, 0xbd, 0x5e, 0x88, 0x29, 0x3e, 
    0x53, 0x0d, 0x0e, 0x3f, 0x81, 0x6d, 0x75, 0xbe, 0xeb, 0x64, 0xbb, 0xbd, 
    0x30, 0x1a, 0x42, 0xbe, 0x88, 0x06, 0xd2, 0x3c, 0xb6, 0x17, 0xe7, 0xbe, 
    0xce, 0x77, 0x4d, 0xbe, 0x68, 0x21, 0xb4, 0x3e, 0x45, 0x14, 0x9f, 0xbe, 
    0x49, 0xc2, 0x8a, 0xbc, 0xd7, 0xca, 0x16, 0xbe, 0xc9, 0x91, 0xcf, 0xbd, 
    0xac, 0x56, 0x48, 0x3e, 0xaf, 0x87, 0xc0, 0x3d, 0x2c, 0xb0, 0x5c, 0xbe, 
    0xd7, 0xe9, 0xaf, 0xbd, 0xb5, 0x88, 0x3b, 0xbe, 0xe9, 0x7b, 0xc5, 0xbe, 
    0x97, 0x07, 0x4a, 0x3e, 0xf8, 0x62, 0x60, 0x3e, 0xfe, 0x2b, 0x3f, 0x3e, 
    0xba, 0x6d, 0x8f, 0xbc, 0x9f, 0x12, 0x45, 0xbe, 0xef, 0x6a, 0xf2, 0x3e, 
    0x34, 0xd9, 0xe5, 0x3e, 0x27, 0x29, 0x50, 0x3e, 0xb0, 0x92, 0xdf, 0x3a, 
    0xd5, 0xb3, 0x10, 0x3c, 0xda, 0x68, 0x8c, 0x3e, 0xb7, 0x65, 0xaa, 0xbd, 
    0xd0, 0x33, 0xdb, 0xba, 0xd2, 0xed, 0x55, 0x3d, 0x29, 0xe8, 0x80, 0xbd, 
    0x9a, 0xdd, 0x14, 0xbf, 0x48, 0x19, 0x22, 0xbe, 0x06, 0x13, 0x00, 0xbe, 
    0x8e, 0x45, 0x88, 0xbe, 0xf8, 0xba, 0x8a, 0xbe, 0x41, 0x5a, 0xb0, 0x3e, 
    0x0f, 0x80, 0x85, 0x3e, 0x8c, 0xf0, 0x25, 0xbe, 0xe0, 0x6c, 0xf8, 0x3e, 
    0xbd, 0x03, 0x1a, 0x3e, 0x2d, 0x51, 0x9d, 0xbe, 0x88, 0x67, 0x6e, 0x3d, 
    0x2c, 0x77, 0xc6, 0xbe, 0x16, 0xf0, 0x7b, 0xbe, 0x9d, 0xde, 0x46, 0xbf, 
    0xb4, 0x22, 0x48, 0x3e, 0x27, 0x66, 0xf2, 0x3e, 0xdf, 0x44, 0xbe, 0xbe, 
    0x09, 0x08, 0xd7, 0x3d, 0xa0, 0x9d, 0x3c, 0xbe, 0x28, 0xb4, 0x34, 0xbd, 
    0x75, 0x6c, 0x2c, 0x3e, 0x92, 0x61, 0x94, 0xbe, 0x36, 0x8d, 0xc7, 0x3d, 
    0x3e, 0x72, 0x39, 0xbe, 0xfe, 0xff, 0x3e, 0xbd, 0x9d, 0x8e, 0xb6, 0x3e, 
    0xa2, 0xe6, 0x9e, 0xbe, 0x71, 0x35, 0xca, 0xbb, 0xeb, 0x56, 0x8a, 0x3e, 
    0x92, 0xd0, 0x86, 0xbe, 0x5e, 0x7e, 0xd2, 0x3c, 0xd7, 0x8a, 0xce, 0x3d, 
    0xe4, 0x75, 0x37, 0x3e, 0x44, 0xe6, 0x4c, 0x3e, 0x53, 0x3f, 0xd9, 0xbe, 
    0xd7, 0xc7, 0x89, 0x3e, 0x1b, 0x9d, 0x3b, 0x3e, 0xb9, 0x14, 0xb0, 0xbe, 
    0xca, 0xa8, 0xb1, 0xbd, 0x34, 0xc8, 0xaf, 0xbe, 0xe9, 0x85, 0xb0, 0xbd, 
    0x06, 0xce, 0x7e, 0x3e, 0x2e, 0x28, 0x91, 0x3e, 0x57, 0x53, 0xb4, 0xbd, 
    0xf6, 0x98, 0x64, 0x3e, 0x3d, 0xec, 0xaf, 0xbe, 0xa0, 0x16, 0x95, 0xbe, 
    0x85, 0x20, 0x85, 0xbd, 0xef, 0x66, 0x7a, 0x3e, 0x58, 0x94, 0x02, 0xbe, 
    0xa9, 0xe7, 0x17, 0xbe, 0xef, 0xc2, 0x72, 0xbe, 0x57, 0x89, 0x60, 0xbc, 
    0x9b, 0x00, 0x89, 0x3e, 0x1d, 0x36, 0x70, 0xbe, 0xb5, 0x02, 0xa7, 0xbe, 
    0xc9, 0x1c, 0x6c, 0xbe, 0xaf, 0x7e, 0xdf, 0xbe, 0x24, 0x91, 0xb5, 0x3e, 
    0xd5, 0x57, 0xf0, 0xbd, 0x0a, 0x6a, 0xc4, 0xbd, 0x2c, 0xa5, 0x29, 0x3f, 
    0x1a, 0x80, 0x26, 0x3b, 0x67, 0x70, 0x69, 0x3e, 0xb4, 0x37, 0x8c, 0x3e, 
    0x3f, 0xc6, 0x80, 0xbe, 0x58, 0xf7, 0x5e, 0x3e, 0x7d, 0x7a, 0xad, 0xbd, 
    0xdf, 0x74, 0x4d, 0xbe, 0x2e, 0xc3, 0x20, 0x3f, 0xc5, 0x51, 0x09, 0x3d, 
    0x7f, 0x58, 0x58, 0xbe, 0x3a, 0x11, 0x95, 0xbd, 0x3c, 0x71, 0xc4, 0xbe, 
    0xa5, 0xa1, 0xf6, 0xbd, 0xd3, 0xfb, 0x6f, 0xbe, 0x30, 0x8c, 0x02, 0xbe, 
    0xe4, 0xba, 0xdb, 0x3d, 0x7b, 0x15, 0x50, 0xbd, 0xae, 0x51, 0xee, 0x3c, 
    0x0d, 0x0f, 0xb3, 0xbc, 0x6b, 0xf2, 0x26, 0xbe, 0xec, 0x50, 0x82, 0x3e, 
    0xfc, 0x50, 0xb8, 0xbc, 0xdc, 0xe8, 0x58, 0x3e, 0xc8, 0x32, 0x6e, 0xbe, 
    0xc7, 0x8c, 0x80, 0x3d, 0x58, 0x83, 0xbc, 0xbe, 0x54, 0x6b, 0x40, 0xbe, 
    0x22, 0xe0, 0x82, 0x3e, 0x13, 0x3d, 0xcc, 0x3d, 0x8f, 0xf5, 0xcb, 0xbe, 
    0x6f, 0x33, 0x68, 0xbe, 0x6a, 0x0b, 0x80, 0x3e, 0xa8, 0x20, 0xb7, 0x3e, 
    0xee, 0x19, 0xcc, 0xbd, 0xc7, 0xa8, 0x88, 0x3e, 0xe6, 0x94, 0x03, 0xbe, 
    0x25, 0xa3, 0x99, 0xbe, 0x09, 0x93, 0xeb, 0xbe, 0x03, 0x9a, 0x4a, 0xbd, 
    0xf3, 0x98, 0x72, 0x3d, 0x0f, 0xa3, 0x5b, 0xbd, 0x0b, 0xd9, 0x26, 0x3e, 
    0xf0, 0x65, 0xdc, 0xbe, 0xa7, 0x0e, 0x32, 0x3e, 0x3a, 0xea, 0x53, 0xbc, 
    0x2f, 0x46, 0xa1, 0x3d, 0xb8, 0xd6, 0x54, 0x3c, 0xbb, 0x87, 0x0c, 0x3e, 
    0x42, 0x7b, 0x8f, 0x3d, 0x47, 0x73, 0x20, 0xbf, 0xe5, 0x17, 0xe2, 0x3c, 
    0x73, 0x98, 0xdf, 0xbc, 0x1c, 0xa6, 0xde, 0xbe, 0x6b, 0x81, 0x94, 0x3e, 
    0x51, 0x90, 0xbd, 0xbe, 0xe1, 0x1a, 0x63, 0x3e, 0xa5, 0x8f, 0xce, 0x3d, 
    0x26, 0xad, 0x43, 0xbe, 0x2e, 0xf8, 0xa0, 0xbe, 0x6f, 0x18, 0xbd, 0x3e, 
    0x77, 0x53, 0x44, 0xbe, 0x3d, 0x55, 0xab, 0x3e, 0xa4, 0xc4, 0x5e, 0xbe, 
    0xeb, 0x5b, 0x80, 0x3e, 0x64, 0x02, 0x00, 0x3e, 0x33, 0x22, 0x3e, 0xbe, 
    0x0c, 0xfc, 0xaf, 0x3d, 0xf0, 0x05, 0x0c, 0x3e, 0xbc, 0xc7, 0x3b, 0x3e, 
    0x37, 0xb8, 0xf3, 0xbe, 0xc0, 0x5b, 0xd4, 0x3e, 0x0e, 0x67, 0x06, 0x3f, 
    0x72, 0xda, 0x1b, 0x3e, 0xc1, 0x67, 0xb0, 0x3e, 0xb1, 0x79, 0x81, 0x3e, 
    0xc8, 0x48, 0x86, 0xbe, 0x1b, 0x4b, 0x28, 0xbe, 0xc1, 0x5d, 0x10, 0xbf, 
    0x97, 0x29, 0x6d, 0x3e, 0x70, 0x1d, 0x83, 0xbe, 0xef, 0xf4, 0x8e, 0xbe, 
    0x23, 0x16, 0x09, 0x3f, 0x36, 0x6b, 0x89, 0xbe, 0x0a, 0x05, 0x1f, 0xbf, 
    0xda, 0x9e, 0x72, 0xbd, 0x9f, 0x19, 0x2f, 0xbf, 0xac, 0x7b, 0x64, 0x3e, 
    0xe8, 0xb2, 0x7a, 0x3c, 0x64, 0x07, 0x06, 0x3e, 0xe7, 0x24, 0x8f, 0xbe, 
    0xe0, 0x94, 0x35, 0xbe, 0x24, 0xe6, 0x75, 0xbe, 0x80, 0x91, 0xfb, 0x3d, 
    0x28, 0x46, 0x97, 0x3e, 0xa5, 0x60, 0x78, 0xbd, 0x3e, 0x3f, 0xc0, 0x3e, 
    0xd9, 0xf2, 0x17, 0xbe, 0x22, 0xeb, 0x4a, 0xbe, 0x46, 0x1b, 0xb5, 0x3e, 
    0x19, 0x04, 0x89, 0x3e, 0xa2, 0xf3, 0x01, 0xbc, 0xb9, 0xbe, 0x95, 0x3e, 
    0x98, 0x20, 0x8f, 0x3e, 0x92, 0x33, 0x9b, 0xbd, 0x00, 0xbb, 0x40, 0x3e, 
    0xc5, 0x41, 0x02, 0x3e, 0x69, 0xa2, 0x88, 0x3e, 0xb0, 0x00, 0x44, 0xbe, 
    0xcf, 0xf5, 0xcf, 0x3c, 0xa4, 0x8b, 0x8d, 0xbe, 0xa0, 0xf9, 0x39, 0x3e, 
    0xeb, 0xd1, 0x56, 0x3e, 0x59, 0x86, 0x3a, 0xbe, 0x39, 0x34, 0xb5, 0xbd, 
    0xf6, 0x03, 0x85, 0x3d, 0x35, 0x0f, 0x2c, 0x3e, 0xc1, 0xf4, 0x22, 0x3e, 
    0x07, 0x76, 0xa6, 0xbd, 0x61, 0x87, 0x43, 0xbe, 0x80, 0x35, 0x84, 0x3e, 
    0x57, 0x0e, 0x02, 0x3d, 0x76, 0x99, 0x86, 0x3e, 0xea, 0xc2, 0x2f, 0x3e, 
    0xa6, 0x79, 0x39, 0xbd, 0x0f, 0xcf, 0x95, 0xbe, 0x54, 0xb0, 0x9c, 0xbe, 
    0x3e, 0x15, 0x58, 0xbd, 0xc4, 0x64, 0xd1, 0xbe, 0xf4, 0xcc, 0x27, 0x3e, 
    0xce, 0xa2, 0xa7, 0x3c, 0x62, 0xd7, 0xe9, 0xbd, 0x72, 0x57, 0xa0, 0x3d, 
    0x67, 0x89, 0x21, 0x3d, 0xcb, 0x79, 0xee, 0x3d, 0x77, 0x5b, 0xcf, 0xbd, 
    0x39, 0xa3, 0x49, 0xbf, 0x4f, 0x61, 0x2e, 0x3e, 0xb7, 0x4d, 0x8f, 0x3e, 
    0x05, 0x51, 0x5a, 0x3e, 0x58, 0x07, 0x97, 0xbd, 0xfb, 0x1a, 0x2f, 0xbe, 
    0x59, 0x75, 0x60, 0xbe, 0xea, 0xc1, 0x9a, 0xbd, 0x8e, 0x94, 0x1b, 0xbe, 
    0xca, 0xe7, 0x9c, 0x3e, 0x19, 0x50, 0x7a, 0xbe, 0xda, 0xee, 0x95, 0x3e, 
    0x10, 0xd9, 0x79, 0x3e, 0x97, 0xbe, 0x62, 0xbe, 0x8a, 0x9f, 0xcd, 0x3d, 
    0x7d, 0x0b, 0x52, 0xbe, 0xdc, 0x34, 0xbe, 0x3d, 0xed, 0x29, 0x2b, 0xbe, 
    0x72, 0x24, 0x66, 0x3e, 0xdc, 0x10, 0xf0, 0x3c, 0xcd, 0xc8, 0x80, 0x3d, 
    0x0b, 0xf0, 0x16, 0x3e, 0x4f, 0x52, 0x61, 0x3e, 0x44, 0x89, 0xa3, 0x3d, 
    0xb6, 0xdb, 0x11, 0x3c, 0x89, 0xc2, 0x92, 0xbe, 0xbe, 0xd0, 0x99, 0x3e, 
    0x7c, 0x0b, 0x75, 0xbd, 0xc7, 0x68, 0xf9, 0x3d, 0x59, 0x91, 0x28, 0xbe, 
    0xcc, 0xfe, 0xee, 0x3d, 0x5c, 0x8e, 0x9c, 0x3d, 0x43, 0xcc, 0xdb, 0xbe, 
    0x9f, 0xdf, 0x95, 0x3e, 0xb6, 0xf2, 0xf4, 0x3d, 0xd4, 0x27, 0xab, 0xbe, 
    0x9b, 0x63, 0xb1, 0xbe, 0x80, 0x5d, 0x21, 0x3e, 0x7a, 0x5e, 0x26, 0xbe, 
    0x87, 0x50, 0x86, 0x3e, 0x3d, 0x07, 0xed, 0xbe, 0x70, 0x53, 0x94, 0xbe, 
    0x47, 0x7b, 0xa4, 0x3e, 0x0b, 0x41, 0x59, 0x3e, 0xc6, 0xab, 0xa6, 0xbe, 
    0x87, 0x25, 0xb1, 0x3c, 0x0f, 0xad, 0xaa, 0x3d, 0x63, 0x6e, 0x26, 0x3d, 
    0x75, 0x77, 0xca, 0x3d, 0xf5, 0x6e, 0x5b, 0xbe, 0x88, 0x10, 0x3e, 0x3e, 
    0x9d, 0x9e, 0x2b, 0xbe, 0x5f, 0xae, 0x01, 0xbe, 0x8c, 0x47, 0xad, 0x3d, 
    0xdb, 0x1e, 0x1e, 0x3d, 0xa1, 0x95, 0xda, 0x3d, 0x86, 0xf6, 0x04, 0x3e, 
    0xc7, 0xf3, 0xeb, 0xbe, 0x8e, 0xf2, 0x3b, 0xbe, 0x79, 0x35, 0x31, 0x3d, 
    0x99, 0x57, 0x3d, 0xbd, 0xeb, 0xa9, 0x0e, 0x3d, 0x20, 0x54, 0xcb, 0x3d, 
    0xf0, 0xe7, 0x8b, 0x3c, 0xdf, 0x0b, 0x84, 0xbd, 0x91, 0x4c, 0x71, 0xbe, 
    0xbd, 0xc0, 0xd7, 0xbe, 0xb6, 0xaf, 0x22, 0x3e, 0xfa, 0xe2, 0x63, 0x3c, 
    0x38, 0xdf, 0xd3, 0xbd, 0x35, 0xf7, 0x87, 0x3e, 0x18, 0x5d, 0x5e, 0x3e, 
    0xd7, 0x0c, 0x30, 0x3e, 0xcb, 0xa7, 0x97, 0xbe, 0xda, 0xbe, 0x57, 0xbc, 
    0x65, 0x5f, 0x53, 0x3d, 0x03, 0x21, 0x8a, 0xbe, 0x64, 0x84, 0x4c, 0xbe, 
    0x5f, 0xe7, 0xad, 0x3d, 0xf0, 0x82, 0x1a, 0xbe, 0x8e, 0x79, 0xa5, 0x3d, 
    0xe3, 0xf0, 0x8d, 0x3d, 0xcd, 0x87, 0x63, 0x3e, 0x36, 0xb3, 0xf3, 0xbd, 
    0xa7, 0xd6, 0xa0, 0x3d, 0x27, 0x9a, 0xd3, 0x3e, 0x19, 0xc8, 0xa1, 0x3e, 
    0xca, 0x93, 0x93, 0xbe, 0xb0, 0x34, 0xd0, 0x3d, 0x20, 0x19, 0x36, 0x3e, 
    0xc3, 0xe5, 0x3f, 0x3d, 0x85, 0x36, 0x77, 0x3d, 0x28, 0xc8, 0xb0, 0x3e, 
    0x02, 0xbb, 0xfc, 0x3e, 0x23, 0xdb, 0x9c, 0x3e, 0x6a, 0xdb, 0xad, 0xbe, 
    0x49, 0x75, 0x0c, 0xbd, 0x77, 0xcf, 0xaa, 0xbe, 0xa2, 0x7c, 0x05, 0xbe, 
    0xe9, 0xf9, 0xf6, 0xbd, 0x4d, 0x92, 0x24, 0x3e, 0x49, 0x0b, 0x43, 0xbe, 
    0x22, 0xd5, 0x22, 0xbe, 0xbd, 0xc7, 0x9a, 0x3e, 0xfe, 0x58, 0x00, 0x3f, 
    0x44, 0xb3, 0xa4, 0x3e, 0x49, 0xb2, 0xde, 0x3e, 0xcf, 0xec, 0x80, 0x3e, 
    0xba, 0xde, 0x68, 0xbe, 0x80, 0xb4, 0x89, 0xbb, 0x99, 0x3b, 0xb8, 0x3e, 
    0x04, 0x4d, 0x52, 0xbe, 0x0b, 0x61, 0x13, 0xbe, 0x9e, 0xfa, 0x86, 0x3e, 
    0x09, 0x41, 0xa2, 0x3e, 0xdb, 0x56, 0x29, 0xbe, 0x9b, 0xb5, 0x6d, 0x3e, 
    0xe5, 0x77, 0x67, 0xbe, 0x50, 0xa4, 0x9d, 0xbd, 0x90, 0xa6, 0xa3, 0x3e, 
    0x6c, 0x8e, 0x92, 0xbc, 0x45, 0xb3, 0x09, 0xbe, 0x59, 0x79, 0xaf, 0xbe, 
    0x11, 0x74, 0x45, 0x3d, 0xcc, 0x9b, 0x8c, 0x3e, 0x0a, 0xb5, 0x4d, 0x3e, 
    0xa9, 0x73, 0xd1, 0x3e, 0x6d, 0xb0, 0x0e, 0xbc, 0x3f, 0x8a, 0x32, 0xbe, 
    0x97, 0x7a, 0x9f, 0xbe, 0xb8, 0x11, 0x86, 0xbe, 0x1c, 0xec, 0x80, 0x3e, 
    0x86, 0xf8, 0x67, 0x3e, 0xec, 0xdb, 0x1a, 0xbe, 0xcc, 0x83, 0x04, 0xbd, 
    0x2f, 0x99, 0x99, 0x3c, 0x16, 0x99, 0x22, 0xbe, 0x23, 0x55, 0x24, 0xbe, 
    0x7d, 0x10, 0x91, 0x3d, 0xb6, 0xf7, 0x15, 0xbd, 0xac, 0x73, 0x57, 0xbc, 
    0x8c, 0x28, 0xb2, 0x3d, 0x97, 0xbb, 0x82, 0x3e, 0xd3, 0x7d, 0x80, 0xbe, 
    0x36, 0xa0, 0x8a, 0xbe, 0xed, 0x70, 0x9d, 0x3e, 0x3c, 0xe3, 0xe2, 0xbd, 
    0xc0, 0x97, 0x53, 0xbd, 0x9c, 0x60, 0x21, 0xbe, 0x2c, 0x9b, 0x24, 0xbc, 
    0xa8, 0x4f, 0xa2, 0x3d, 0xa3, 0x6e, 0x87, 0x3e, 0x94, 0xa6, 0x2f, 0x3e, 
    0xd9, 0x12, 0x61, 0xbe, 0xcf, 0x44, 0xa0, 0xbe, 0x16, 0x56, 0x74, 0x3e, 
    0xc1, 0x9c, 0xcd, 0x3d, 0x04, 0x19, 0xaa, 0x3e, 0x76, 0x18, 0xbc, 0x3e, 
    0xc2, 0x15, 0xb9, 0xbd, 0x10, 0x46, 0x85, 0x3e, 0x7b, 0x0d, 0xa7, 0x3d, 
    0xd7, 0x63, 0x10, 0xbe, 0x3a, 0x8b, 0x9d, 0x3e, 0x1b, 0x6c, 0x3d, 0x3d, 
    0xb7, 0x0d, 0x1a, 0xbe, 0xef, 0x31, 0xa6, 0x3d, 0x6e, 0xb7, 0x90, 0x3e, 
    0x01, 0x70, 0x9c, 0x3e, 0x28, 0x00, 0x61, 0x3e, 0x23, 0x73, 0xc8, 0x3d, 
    0xd8, 0xc5, 0x25, 0xbe, 0x7d, 0x27, 0xd3, 0x3e, 0x39, 0x9f, 0x72, 0x3e, 
    0x6c, 0x68, 0x8e, 0x3d, 0xe8, 0x36, 0x1d, 0x3e, 0x5d, 0x6e, 0x0a, 0xbf, 
    0x10, 0x0f, 0x57, 0xbd, 0x5b, 0xff, 0x0a, 0x3e, 0x3b, 0x7f, 0x01, 0x3d, 
    0x7c, 0x22, 0x98, 0x3e, 0xb7, 0x15, 0xbe, 0x3d, 0xd5, 0x28, 0xfa, 0x3d, 
    0x77, 0x3b, 0xf4, 0x3c, 0x54, 0x72, 0x76, 0xbe, 0x6a, 0x9c, 0x02, 0xbe, 
    0x96, 0x03, 0x26, 0xbe, 0x59, 0x7e, 0xd5, 0xbd, 0xe6, 0xd8, 0xc4, 0x3d, 
    0xd2, 0x3a, 0x3a, 0x3e, 0x91, 0xdd, 0x8e, 0x3d, 0xd2, 0x52, 0x49, 0xbe, 
    0x39, 0xfe, 0x5b, 0xbe, 0x05, 0xd5, 0xaa, 0xbe, 0xd2, 0xfc, 0x82, 0xbd, 
    0xf3, 0xae, 0x80, 0xbe, 0xf1, 0x6f, 0x9b, 0x3b, 0x0c, 0x96, 0xd9, 0x3c, 
    0x2f, 0x40, 0x10, 0x3e, 0x27, 0xc9, 0x12, 0x3d, 0xeb, 0xfa, 0x81, 0xbd, 
    0x33, 0x04, 0x47, 0x3e, 0x14, 0x0d, 0x99, 0xbe, 0x2e, 0x97, 0x20, 0x3e, 
    0x1f, 0x76, 0x34, 0x3e, 0x04, 0xa8, 0x4d, 0x3e, 0x91, 0x5d, 0x5e, 0xbe, 
    0xa0, 0xe6, 0x9e, 0xbe, 0x12, 0x8f, 0x75, 0x3d, 0x3a, 0x2c, 0xeb, 0xbd, 
    0xba, 0xcf, 0xe8, 0xbd, 0x38, 0x0a, 0x48, 0x3e, 0xa1, 0xae, 0xa5, 0xbe, 
    0x1c, 0x72, 0xa9, 0xbb, 0x65, 0x7e, 0xee, 0x3e, 0x42, 0x7d, 0x5e, 0x3d, 
    0x98, 0x4b, 0x6b, 0x3e, 0x3d, 0x87, 0x8f, 0xbe, 0xbe, 0xea, 0x6c, 0xbe, 
    0xc6, 0xff, 0x2d, 0xbe, 0x95, 0x0a, 0x97, 0x39, 0xa3, 0x15, 0x99, 0x3e, 
    0x01, 0x19, 0x7e, 0x3e, 0xf8, 0x4f, 0xc7, 0xbd, 0x9c, 0x79, 0xd2, 0x3e, 
    0x24, 0x6f, 0xd8, 0x3b, 0x5a, 0x81, 0x29, 0xbd, 0x68, 0x07, 0xdf, 0xbb, 
    0xa6, 0xe7, 0xa5, 0xbe, 0x70, 0x72, 0x81, 0xbe, 0x06, 0xde, 0x51, 0xbd, 
    0x82, 0x67, 0x20, 0xbe, 0xa2, 0x4c, 0x6f, 0x3e, 0x74, 0xa5, 0x1a, 0x3e, 
    0x08, 0xfe, 0xd9, 0x3e, 0x72, 0x50, 0x32, 0xbd, 0xc9, 0xaa, 0x9a, 0x3e, 
    0x74, 0x3e, 0x06, 0xbd, 0x47, 0xfd, 0xdf, 0x3d, 0x2f, 0xb1, 0x34, 0xbe, 
    0x00, 0xb6, 0xb4, 0x3d, 0xb7, 0xc2, 0x0d, 0xbd, 0x75, 0xee, 0x55, 0x3e, 
    0x2f, 0xf7, 0x8f, 0xbe, 0xe3, 0x54, 0xc4, 0xbb, 0xaa, 0x73, 0x93, 0x3d, 
    0xe0, 0x9c, 0x87, 0x3e, 0x67, 0xd0, 0xf1, 0xbd, 0x05, 0x2e, 0xda, 0xbd, 
    0x65, 0x04, 0xf8, 0xbd, 0x3f, 0x1c, 0x18, 0x3e, 0x0d, 0x20, 0x3f, 0xbe, 
    0x11, 0x20, 0xde, 0x3d, 0x37, 0xac, 0x60, 0xbd, 0x6e, 0x7b, 0x04, 0x3e, 
    0x9e, 0x3b, 0x5c, 0xbe, 0x77, 0x72, 0xf8, 0xbe, 0xce, 0xc8, 0xad, 0x3b, 
    0xb5, 0x97, 0xbe, 0x3e, 0x30, 0xf0, 0xa5, 0x3d, 0x90, 0xcf, 0x5f, 0x3d, 
    0xdb, 0x60, 0xfa, 0xbe, 0xc5, 0x02, 0x91, 0x3e, 0x4b, 0xad, 0x98, 0x3d, 
    0xc7, 0x1c, 0xd5, 0x3d, 0x14, 0x38, 0xc6, 0xbe, 0xe1, 0x12, 0xb3, 0xbe, 
    0x4f, 0xe9, 0x98, 0x3e, 0xc7, 0x58, 0x84, 0xbc, 0x05, 0xd8, 0x8b, 0xbe, 
    0x36, 0x0a, 0xa0, 0x3e, 0x95, 0x24, 0xb7, 0x3d, 0x42, 0x11, 0x2e, 0xbe, 
    0x63, 0x58, 0x60, 0xbe, 0xda, 0xcd, 0x11, 0x3c, 0xfc, 0x29, 0xb0, 0x3e, 
    0xdf, 0xce, 0x94, 0x3d, 0xa7, 0x27, 0x24, 0x3e, 0x9b, 0x6d, 0x59, 0xbd, 
    0x3e, 0x34, 0xda, 0xbd, 0x32, 0xa5, 0xf8, 0x3c, 0xd5, 0xf4, 0xac, 0x3e, 
    0xd7, 0x06, 0x1d, 0x3d, 0x34, 0xac, 0x48, 0x3e, 0xba, 0x61, 0xc6, 0x3d, 
    0x78, 0x09, 0xc7, 0xbe, 0x23, 0x71, 0x72, 0xbe, 0xb0, 0x07, 0xc4, 0xbd, 
    0xdc, 0x8b, 0x14, 0xbe, 0xa0, 0xe7, 0x94, 0x3d, 0x9b, 0xc0, 0x86, 0xbe, 
    0xfb, 0x5d, 0x58, 0xbe, 0xec, 0xb2, 0x1a, 0x3e, 0xfa, 0x0c, 0xc5, 0xbc, 
    0x77, 0xa9, 0x0c, 0xbe, 0x21, 0x25, 0x21, 0xbe, 0x66, 0x6c, 0x0a, 0xbf, 
    0x95, 0x18, 0x10, 0x3d, 0x1a, 0xde, 0x84, 0x3d, 0xf2, 0x30, 0xda, 0x3d, 
    0x64, 0x19, 0x98, 0xbe, 0x74, 0x6f, 0x93, 0xbe, 0x10, 0xe3, 0x85, 0xbe, 
    0x90, 0xc8, 0x71, 0x3d, 0x65, 0x99, 0xe6, 0x3e, 0x5b, 0xe6, 0x7c, 0xbe, 
    0x30, 0x29, 0x14, 0xbe, 0xd6, 0x69, 0x3f, 0xbd, 0x38, 0xfd, 0x7a, 0xbd, 
    0x0f, 0xa6, 0xca, 0xbc, 0xc5, 0x3f, 0x91, 0x3e, 0xb7, 0x4b, 0x58, 0x3e, 
    0xbe, 0x60, 0x85, 0x3e, 0x51, 0x47, 0x3a, 0xbe, 0xfe, 0xe0, 0x24, 0x3d, 
    0x9c, 0xd7, 0x2a, 0xbd, 0x35, 0x0b, 0x05, 0xbd, 0x90, 0x6c, 0x82, 0x3e, 
    0x0b, 0x96, 0x61, 0xbe, 0x62, 0x1b, 0x81, 0xbd, 0x2e, 0x90, 0x31, 0x3f, 
    0x8e, 0x8f, 0xb5, 0xbc, 0x02, 0xe1, 0x11, 0xbe, 0x93, 0x92, 0x8c, 0x3e, 
    0xbe, 0x2e, 0x0c, 0xbe, 0xec, 0xd2, 0x6a, 0x3e, 0x6d, 0xa4, 0x16, 0xbe, 
    0x10, 0xeb, 0xa5, 0xbe, 0x71, 0x3f, 0x8a, 0x3e, 0xa8, 0xc0, 0x94, 0xbe, 
    0x33, 0x7f, 0xc3, 0x3e, 0xf0, 0x0a, 0xa2, 0xbe, 0x87, 0xbd, 0xa4, 0x3d, 
    0x06, 0xac, 0x7a, 0x3e, 0x87, 0xd0, 0xe8, 0xbd, 0xbe, 0x5d, 0xaf, 0x3e, 
    0x54, 0xea, 0xc5, 0xbd, 0x90, 0x9b, 0x51, 0xbd, 0x3d, 0x75, 0x01, 0xbd, 
    0xa0, 0x28, 0x36, 0x3e, 0xef, 0x7b, 0x75, 0xbd, 0xc8, 0xbf, 0x23, 0xbd, 
    0x4b, 0x5b, 0x1f, 0xbe, 0x60, 0xb1, 0xf5, 0xbd, 0x58, 0xdb, 0x3b, 0xbe, 
    0x24, 0x98, 0x81, 0x3e, 0x5d, 0xc2, 0x53, 0xbe, 0x23, 0xde, 0xa5, 0x3d, 
    0x7b, 0xa3, 0x8e, 0x3e, 0xae, 0xb0, 0xe9, 0x3d, 0x6e, 0xbc, 0x66, 0x3d, 
    0x50, 0xfb, 0x22, 0x3d, 0x34, 0x8e, 0x29, 0xbe, 0xd2, 0xc9, 0x42, 0xbd, 
    0x61, 0x25, 0x6b, 0x3e, 0x8b, 0xa0, 0xf8, 0x3d, 0x9e, 0xa6, 0xd4, 0x3d, 
    0xce, 0x9b, 0x1f, 0x3e, 0x21, 0xab, 0xfe, 0xbc, 0xa1, 0xbe, 0x0d, 0xbe, 
    0xd5, 0xd5, 0xcb, 0x3e, 0x3a, 0xf9, 0x8b, 0x3e, 0x2d, 0x4f, 0x7c, 0x3e, 
    0x60, 0xfe, 0x86, 0xbd, 0x30, 0x32, 0x2c, 0x3e, 0xea, 0x3d, 0x3a, 0x3e, 
    0xac, 0x90, 0xf3, 0xbd, 0x68, 0x6b, 0x16, 0xbd, 0xa6, 0x53, 0xb5, 0xbe, 
    0xd9, 0x25, 0xe2, 0xbc, 0x63, 0x61, 0x0a, 0x3e, 0x82, 0x85, 0x20, 0xbe, 
    0xa3, 0xfc, 0x9a, 0x3d, 0xaa, 0x6f, 0xc8, 0xbe, 0x31, 0x40, 0x6c, 0xbe, 
    0xce, 0x98, 0x66, 0x3e, 0x7d, 0x7b, 0x15, 0xbf, 0xbc, 0xe8, 0x82, 0x3d, 
    0x3d, 0xfc, 0x61, 0xbe, 0x2d, 0xc9, 0x85, 0x3e, 0x16, 0xef, 0x8e, 0x3e, 
    0x19, 0x80, 0xab, 0x3e, 0x41, 0x82, 0x02, 0x3f, 0x83, 0x3b, 0xb8, 0x3d, 
    0xd9, 0x68, 0x0e, 0xbf, 0x47, 0xd0, 0x20, 0xbe, 0x19, 0xa3, 0xc1, 0x3d, 
    0xb9, 0x93, 0x40, 0x3e, 0x54, 0x47, 0x18, 0xbe, 0x62, 0xdc, 0xc5, 0xbc, 
    0x91, 0xbc, 0x6d, 0xbe, 0xa5, 0xca, 0xa0, 0x3c, 0x4f, 0xfb, 0x59, 0xbd, 
    0xba, 0xa1, 0x77, 0x3e, 0x07, 0xbe, 0xb9, 0xbd, 0x05, 0x78, 0x15, 0x3f, 
    0x88, 0x82, 0x85, 0x3e, 0xac, 0xe9, 0xfc, 0x3c, 0x3d, 0x35, 0x56, 0x3e, 
    0xa7, 0xdb, 0x9f, 0xbe, 0xba, 0x80, 0x69, 0x3e, 0xe9, 0xcf, 0x1a, 0xbd, 
    0x57, 0x3b, 0x82, 0x3d, 0x40, 0xb7, 0xc7, 0x3e, 0x21, 0xe9, 0x4b, 0xbe, 
    0x65, 0x5d, 0xd7, 0xbd, 0x03, 0x7c, 0x17, 0x3e, 0x8a, 0x18, 0xbd, 0xbe, 
    0x63, 0x53, 0x01, 0xbf, 0x9e, 0x16, 0xf4, 0xbd, 0x4e, 0xf1, 0xea, 0x3c, 
    0xb0, 0xba, 0x1e, 0xbe, 0x07, 0x55, 0x3b, 0xbe, 0x9c, 0xf8, 0xa7, 0xbe, 
    0xc9, 0x96, 0xcb, 0xbe, 0xbd, 0xa8, 0xbc, 0xbc, 0xd3, 0xbc, 0xa8, 0xbd, 
    0x57, 0x43, 0x9c, 0x3e, 0x8b, 0x58, 0xad, 0xbe, 0xb2, 0x0f, 0x9d, 0xbe, 
    0x9f, 0x95, 0xd3, 0x3a, 0x6a, 0x2e, 0x83, 0x3e, 0xdf, 0x0f, 0xcb, 0xbe, 
    0x4c, 0x1e, 0x6d, 0x3d, 0xd3, 0x54, 0x1a, 0xbe, 0x27, 0x12, 0xee, 0xbe, 
    0x87, 0xf4, 0x81, 0x3e, 0xce, 0x54, 0x43, 0xbe, 0x56, 0xf9, 0x2c, 0xbf, 
    0x75, 0x65, 0x4d, 0xbe, 0x4c, 0xf9, 0xbd, 0xbe, 0x3c, 0x2e, 0x24, 0x3e, 
    0x7c, 0x4c, 0x31, 0x3f, 0x33, 0x88, 0x98, 0xbe, 0xca, 0xcb, 0xa9, 0xbe, 
    0xc1, 0x67, 0xeb, 0x3d, 0xb9, 0x08, 0x54, 0xbf, 0x3d, 0x66, 0x85, 0xbe, 
    0xb2, 0x5b, 0x03, 0x3e, 0x1f, 0xa7, 0xa9, 0x3e, 0x0d, 0x2f, 0x90, 0x3e, 
    0xa5, 0x17, 0x75, 0x3d, 0xff, 0x65, 0x1d, 0x3d, 0x28, 0xcc, 0x28, 0xbe, 
    0x0a, 0x5f, 0x52, 0xbe, 0xfb, 0x09, 0x66, 0x3e, 0x74, 0x7c, 0x1a, 0xbc, 
    0xf7, 0x23, 0x82, 0xbc, 0x0b, 0xc1, 0x81, 0x3f, 0x8c, 0x12, 0x25, 0x3c, 
    0x2b, 0xb8, 0xb6, 0xbe, 0x77, 0x36, 0x13, 0xbe, 0x4a, 0xf4, 0x0d, 0x3e, 
    0xc3, 0x77, 0x80, 0x3e, 0x20, 0x1c, 0xb8, 0x3d, 0x10, 0x2f, 0x5e, 0x3e, 
    0x52, 0x62, 0x80, 0x3e, 0x91, 0x9b, 0xd8, 0xbe, 0xee, 0x79, 0x2c, 0x3e, 
    0x80, 0x5c, 0x42, 0xbd, 0x33, 0x58, 0x19, 0x3c, 0x9b, 0x1f, 0xa2, 0xbd, 
    0x08, 0x0c, 0x0a, 0x3e, 0x93, 0x40, 0xeb, 0xbd, 0xe3, 0x2d, 0x5e, 0xbe, 
    0xb0, 0xe8, 0x5c, 0x3e, 0xe1, 0x3d, 0x69, 0xbe, 0x84, 0xc5, 0xe5, 0x3d, 
    0x43, 0x60, 0x06, 0xbe, 0x65, 0x16, 0x8d, 0xbd, 0x56, 0x0f, 0x24, 0x3f, 
    0xd8, 0x95, 0xc0, 0xbc, 0x9c, 0xa5, 0x69, 0xba, 0x65, 0x09, 0xa8, 0xbc, 
    0xbd, 0x05, 0x98, 0xbc, 0x00, 0x60, 0x06, 0x3d, 0x8a, 0xe6, 0x53, 0xbe, 
    0x9f, 0x78, 0x9c, 0xbd, 0xc8, 0x2a, 0xf8, 0x3e, 0x3e, 0xc5, 0x47, 0x3e, 
    0xd8, 0x96, 0x01, 0xbd, 0xb3, 0xc0, 0x24, 0xbe, 0xd3, 0x1d, 0x8e, 0x3e, 
    0x5e, 0x2e, 0xfc, 0x3d, 0x08, 0xb2, 0x0c, 0xbf, 0xa0, 0xec, 0x44, 0x3d, 
    0x51, 0x40, 0x29, 0xbe, 0x06, 0x91, 0x5a, 0x3e, 0x00, 0x4e, 0x8a, 0x3e, 
    0x72, 0x09, 0xb1, 0x3e, 0xb2, 0x18, 0x2b, 0x3f, 0x38, 0xa0, 0xa0, 0x3d, 
    0x54, 0xdc, 0x6f, 0xbe, 0x6b, 0xff, 0x8c, 0x3e, 0x32, 0x67, 0xc5, 0xbd, 
    0xe0, 0x93, 0x90, 0xbe, 0xa5, 0xbc, 0x40, 0xbf, 0x78, 0x34, 0x36, 0xbd, 
    0xb6, 0x4f, 0xda, 0x3e, 0xbc, 0xdd, 0xc4, 0x3d, 0x7b, 0x0e, 0x67, 0x3d, 
    0x69, 0x23, 0xa8, 0xbe, 0x8c, 0xa6, 0x7a, 0xbe, 0xb7, 0xb8, 0x4d, 0x3e, 
    0xd4, 0xcc, 0x1e, 0x3e, 0xf9, 0x30, 0x9f, 0xbd, 0x46, 0xc2, 0xa3, 0xbd, 
    0xdf, 0x0c, 0x86, 0x3e, 0x61, 0xfb, 0x1d, 0x3d, 0xc3, 0xb3, 0x0a, 0x3e, 
    0xde, 0xbb, 0x34, 0xbe, 0xa1, 0xc0, 0x03, 0xbe, 0x6d, 0xc7, 0xa3, 0xbe, 
    0x58, 0x7e, 0xcc, 0xbe, 0x5d, 0x50, 0xb8, 0x3e, 0x11, 0x78, 0xf3, 0x3d, 
    0xf9, 0xd6, 0xda, 0x3c, 0xee, 0x8b, 0xd2, 0x3d, 0x2b, 0x9f, 0x76, 0xbe, 
    0x32, 0xdc, 0x05, 0x3f, 0xd7, 0xa5, 0xd3, 0xbd, 0x82, 0x1c, 0xcb, 0xbe, 
    0xef, 0xea, 0xe0, 0xbd, 0x67, 0xc5, 0x6b, 0x3e, 0x5b, 0x23, 0xad, 0x3c, 
    0x41, 0xb7, 0xda, 0xbd, 0x5d, 0xe0, 0x37, 0x3d, 0x1f, 0x25, 0x2b, 0x3d, 
    0xa5, 0xbc, 0xe8, 0x3c, 0x57, 0x2c, 0x91, 0xbe, 0x47, 0x9e, 0x92, 0x3e, 
    0x40, 0xf2, 0x26, 0x3e, 0x83, 0xf9, 0xbf, 0x3c, 0xe2, 0x4a, 0x80, 0x3e, 
    0x62, 0xae, 0xa1, 0xbe, 0xca, 0xe2, 0xd1, 0x3d, 0xff, 0x9d, 0x1c, 0x3e, 
    0x5d, 0xce, 0x64, 0x3d, 0xe9, 0x3b, 0x5f, 0x3e, 0xf7, 0xe2, 0x22, 0xbe, 
    0x08, 0x5c, 0xf1, 0x3e, 0x08, 0xfb, 0x6d, 0x3e, 0xb5, 0x78, 0xdf, 0x3d, 
    0xfe, 0xa8, 0xa2, 0xbd, 0x57, 0x75, 0xd4, 0x3e, 0x3e, 0x56, 0x97, 0xbd, 
    0x93, 0x7e, 0x8d, 0x3d, 0xd7, 0x28, 0x24, 0x3e, 0xca, 0x32, 0x14, 0x3e, 
    0x10, 0x8c, 0x74, 0xbd, 0x4b, 0x29, 0x8b, 0xbe, 0xb7, 0xf3, 0xb5, 0xbd, 
    0x00, 0x4f, 0x90, 0x3e, 0x5b, 0xa3, 0xb3, 0x3d, 0x41, 0x67, 0x98, 0x3e, 
    0xa6, 0x2a, 0xb0, 0xbd, 0xfd, 0x05, 0x12, 0x3e, 0x83, 0xa5, 0xcf, 0x3e, 
    0x00, 0x29, 0x0f, 0x3c, 0x28, 0x05, 0x96, 0x3c, 0x28, 0x6c, 0xe0, 0xbd, 
    0xf5, 0xbc, 0x32, 0xbe, 0xaa, 0x57, 0x0d, 0x3f, 0x16, 0xfd, 0x6c, 0xbe, 
    0xdd, 0x27, 0x93, 0x3e, 0x30, 0xe8, 0xc7, 0x3e, 0x7c, 0x11, 0x75, 0x3e, 
    0x5f, 0xac, 0x2a, 0xbc, 0x14, 0x0c, 0x4e, 0xbe, 0x8d, 0x0f, 0x69, 0x3e, 
    0xef, 0xa3, 0x97, 0xbd, 0x4e, 0xeb, 0xe7, 0xbe, 0x4e, 0x7c, 0x1b, 0xbe, 
    0x47, 0xee, 0x7f, 0x3e, 0xdd, 0xba, 0x97, 0x3e, 0x8e, 0x70, 0x37, 0x3e, 
    0xcd, 0xe3, 0xdb, 0xbe, 0x0b, 0x47, 0x37, 0xbe, 0xbe, 0x20, 0xfe, 0x3d, 
    0xa5, 0xaa, 0xae, 0xbe, 0x0e, 0x62, 0xdd, 0x3d, 0x67, 0x8e, 0xbd, 0xbe, 
    0x91, 0x18, 0x9d, 0x3d, 0x76, 0x95, 0x5b, 0xbe, 0x28, 0xf2, 0x46, 0x3e, 
    0x47, 0xb8, 0x3d, 0x3a, 0x1e, 0x4c, 0x17, 0xbf, 0xca, 0xac, 0x33, 0xbd, 
    0x03, 0x1f, 0x16, 0xbe, 0xa9, 0x64, 0xad, 0xbe, 0x74, 0x19, 0x4e, 0xbe, 
    0x3c, 0x29, 0x8b, 0x3e, 0xa7, 0x77, 0x62, 0xbe, 0xf5, 0x74, 0x64, 0x3c, 
    0x59, 0x7a, 0x87, 0xbc, 0xf0, 0x07, 0xfb, 0xbd, 0xe9, 0xd5, 0x83, 0xbe, 
    0x11, 0x03, 0x39, 0x3e, 0xf0, 0x38, 0x8b, 0x3e, 0xff, 0x2e, 0x4b, 0xbe, 
    0xfc, 0xcf, 0x32, 0x3e, 0x6f, 0xb2, 0x2c, 0xbf, 0x95, 0x95, 0x78, 0xbe, 
    0xdf, 0xa7, 0x8b, 0x3c, 0xdc, 0xed, 0x0c, 0xbe, 0x5a, 0x8e, 0xeb, 0x3c, 
    0x90, 0x04, 0x91, 0x3d, 0x11, 0xcf, 0x65, 0x3e, 0x2f, 0x2d, 0xc4, 0x3e, 
    0xff, 0x5a, 0xeb, 0xbe, 0x88, 0x38, 0x77, 0x3e, 0x87, 0x60, 0xee, 0xbd, 
    0x75, 0x08, 0xea, 0xbe, 0x40, 0xa1, 0x9e, 0x3e, 0x1e, 0x0e, 0x84, 0xbe, 
    0x54, 0xe4, 0x86, 0xbd, 0x57, 0x20, 0x89, 0x3e, 0x10, 0xa1, 0x8b, 0x3c, 
    0x5d, 0x2d, 0xdf, 0x3e, 0x3a, 0x68, 0x0b, 0xbe, 0xfb, 0x0d, 0xa5, 0x3e, 
    0xb4, 0x07, 0x6b, 0xbe, 0xf3, 0x94, 0x74, 0x3e, 0x88, 0x99, 0x8e, 0xbe, 
    0x0a, 0xf4, 0x01, 0xbe, 0x10, 0xc9, 0xa6, 0x3e, 0xda, 0xcc, 0x92, 0x3e, 
    0x50, 0x2a, 0x2f, 0x3d, 0x27, 0x2e, 0x0a, 0xbe, 0x3b, 0x33, 0x82, 0xbd, 
    0x9e, 0x47, 0x4e, 0xbd, 0x5f, 0xe8, 0x52, 0x3e, 0x52, 0x28, 0x39, 0xbe, 
    0x58, 0x92, 0xbc, 0x3e, 0xf5, 0x84, 0x4e, 0x3e, 0x56, 0x0b, 0x72, 0xbe, 
    0x35, 0xce, 0x8b, 0x3e, 0x49, 0x5e, 0x01, 0xbf, 0xc3, 0xa4, 0x7c, 0x3d, 
    0xfd, 0x38, 0xf8, 0xbe, 0xa6, 0x5a, 0xc3, 0x3d, 0xd0, 0xaa, 0x41, 0xbe, 
    0x37, 0x39, 0x28, 0x3e, 0x91, 0x26, 0x0f, 0xbc, 0x6e, 0x44, 0x5c, 0x3e, 
    0x14, 0x55, 0x9b, 0xbe, 0x17, 0x4e, 0x23, 0xbb, 0xbc, 0xd4, 0x8a, 0x3e, 
    0x2a, 0xc4, 0x29, 0x3e, 0x60, 0x39, 0xc8, 0xbe, 0xda, 0xa4, 0x55, 0xbe, 
    0x7a, 0xcd, 0x13, 0x3e, 0xf6, 0xc1, 0x12, 0x3e, 0xd5, 0x49, 0xc6, 0xbd, 
    0x9e, 0x04, 0xa0, 0x3d, 0x18, 0xdc, 0xb4, 0x3e, 0xe2, 0xed, 0x04, 0x3e, 
    0x7a, 0xf7, 0xae, 0x3d, 0xea, 0x10, 0xab, 0x3e, 0xe0, 0x43, 0xd1, 0x3d, 
    0x9e, 0x90, 0x15, 0x3d, 0x1d, 0x4b, 0x83, 0x3c, 0x27, 0xd3, 0xd3, 0x3d, 
    0x75, 0x30, 0x5c, 0xbe, 0xa6, 0xf7, 0x4a, 0x3d, 0x1b, 0xed, 0x7a, 0x3d, 
    0xac, 0xc3, 0x71, 0x3e, 0xdf, 0x37, 0x16, 0x3e, 0x79, 0xa6, 0x89, 0xbe, 
    0x6d, 0x2d, 0x06, 0xbf, 0x7d, 0xac, 0x3a, 0xbe, 0x1e, 0xe9, 0x2d, 0x3e, 
    0xea, 0xff, 0x13, 0xbe, 0xa2, 0x9b, 0x1b, 0x3e, 0xaf, 0x7f, 0x96, 0xbe, 
    0xd4, 0xaa, 0x89, 0xbe, 0x07, 0xe8, 0x3c, 0xbe, 0xfe, 0xde, 0x2b, 0x3d, 
    0xdb, 0xb8, 0x94, 0x3e, 0x4a, 0x79, 0x55, 0x3e, 0x94, 0x4c, 0x84, 0xbe, 
    0xf8, 0xa8, 0x50, 0xbe, 0x42, 0x4b, 0x1b, 0x3d, 0xf5, 0x83, 0x0a, 0x3e, 
    0x84, 0x6c, 0x90, 0xbd, 0xf2, 0x39, 0xb5, 0x3d, 0xbf, 0xd4, 0xff, 0xbd, 
    0xcc, 0xc9, 0x6e, 0x3e, 0xb1, 0x50, 0x3f, 0x3e, 0x1f, 0xe2, 0x73, 0xbe, 
    0xd8, 0x8f, 0xc7, 0xbe, 0xc7, 0xbd, 0x27, 0x3d, 0xc4, 0xf6, 0xeb, 0xbd, 
    0x09, 0xf6, 0x56, 0x3e, 0xa3, 0x38, 0xa2, 0x3e, 0x27, 0x4e, 0xb5, 0x3c, 
    0x73, 0x70, 0x89, 0x3e, 0xb7, 0xad, 0x28, 0x3d, 0xd3, 0x71, 0xc0, 0xbb, 
    0xdc, 0x59, 0x12, 0x3e, 0x58, 0xe9, 0x15, 0xbd, 0x18, 0x7d, 0x64, 0x3d, 
    0x48, 0x30, 0xcd, 0xbc, 0x87, 0x02, 0x9e, 0x3c, 0x60, 0x1d, 0x48, 0x3f, 
    0x6c, 0xa6, 0xd3, 0x3d, 0x84, 0xb6, 0xd9, 0xbb, 0x17, 0x2d, 0x33, 0xbd, 
    0x34, 0x01, 0x04, 0xbe, 0x67, 0xb4, 0x85, 0x3d, 0x40, 0xbd, 0x28, 0xbe, 
    0xd0, 0xbc, 0x26, 0xbe, 0x7b, 0xe4, 0x80, 0x3e, 0x76, 0xdf, 0x43, 0x3e, 
    0xd9, 0x53, 0xf7, 0x3e, 0x88, 0xf0, 0x83, 0xbe, 0xc1, 0xbe, 0x34, 0x3e, 
    0xd6, 0xd0, 0x92, 0x3e, 0x51, 0x12, 0xaa, 0x3c, 0x3c, 0x21, 0x54, 0x3e, 
    0x20, 0x9b, 0x10, 0x3b, 0x05, 0x74, 0xf0, 0x3d, 0xa1, 0x75, 0x0c, 0x3e, 
    0xc0, 0xbd, 0xae, 0xbb, 0x31, 0x2b, 0x34, 0x3e, 0x27, 0x28, 0x53, 0x3e, 
    0xab, 0x32, 0xaf, 0xbe, 0x82, 0x1a, 0x22, 0x3e, 0x3f, 0xd6, 0x0e, 0xbe, 
    0xee, 0x9f, 0x39, 0xbf, 0xf9, 0x42, 0x70, 0xbe, 0xad, 0x26, 0xc9, 0xbe, 
    0x1c, 0x63, 0x06, 0x3d, 0x7c, 0x52, 0xca, 0x3e, 0x40, 0x07, 0x6b, 0x3e, 
    0x2c, 0xb6, 0xb2, 0x3c, 0x1f, 0x84, 0x67, 0x3e, 0x60, 0xed, 0x30, 0x3d, 
    0xa5, 0x90, 0xce, 0x3c, 0x32, 0x0f, 0x88, 0x3e, 0xde, 0x3a, 0xc3, 0x3d, 
    0x2c, 0xa2, 0x72, 0x3e, 0x11, 0x23, 0x1c, 0xbd, 0x09, 0x7e, 0x99, 0x3d, 
    0x8d, 0x51, 0xff, 0x3e, 0xec, 0x0e, 0x61, 0x3e, 0xd6, 0xd8, 0x9a, 0x3e, 
    0xbd, 0xf1, 0xfa, 0xbd, 0xa9, 0x24, 0x67, 0x3d, 0x27, 0x9c, 0x91, 0x3c, 
    0x4c, 0x66, 0xbe, 0x3e, 0xf5, 0xbb, 0x08, 0xbe, 0x43, 0x5c, 0x4f, 0xbf, 
    0xe5, 0x8c, 0x43, 0x3e, 0x2e, 0x62, 0xa5, 0x3e, 0x9b, 0x77, 0x7a, 0xbe, 
    0x97, 0x12, 0x08, 0x3e, 0xf4, 0x37, 0x1c, 0xbb, 0x84, 0x95, 0x1b, 0x3e, 
    0xbd, 0x8a, 0x4d, 0xbd, 0x70, 0x75, 0x41, 0xbe, 0xf6, 0xd9, 0xc7, 0xbe, 
    0x69, 0xb9, 0x7d, 0x3c, 0x83, 0x76, 0xad, 0xbe, 0x3c, 0x8e, 0x7f, 0x3c, 
    0x34, 0x44, 0x97, 0x3c, 0x0a, 0xcb, 0x00, 0xbb, 0x35, 0x27, 0x50, 0x3c, 
    0x6d, 0xfb, 0xb3, 0xbe, 0x7e, 0xac, 0x23, 0x3d, 0x54, 0x03, 0x16, 0x3e, 
    0x62, 0xae, 0x49, 0xbe, 0xb2, 0xfe, 0x80, 0x3d, 0x99, 0x21, 0x22, 0xbd, 
    0xd5, 0x21, 0x86, 0xbd, 0x72, 0x63, 0xb8, 0xbd, 0x82, 0xef, 0x31, 0x3e, 
    0x0d, 0x1c, 0x25, 0xbe, 0xb5, 0xcd, 0x11, 0xbf, 0x4c, 0xaa, 0x88, 0xbd, 
    0xf8, 0x47, 0x85, 0x3c, 0xad, 0x64, 0xa1, 0x3d, 0x34, 0x6e, 0x7c, 0x3e, 
    0x2e, 0xca, 0xd4, 0x3e, 0x95, 0xda, 0x83, 0xbe, 0x9f, 0xd8, 0x24, 0xbe, 
    0x74, 0xf9, 0x42, 0xbc, 0x3d, 0x2d, 0x69, 0x3d, 0x45, 0x38, 0xcb, 0x3c, 
    0xcb, 0x68, 0x56, 0x3d, 0x37, 0x00, 0x57, 0x3d, 0x3f, 0x02, 0x21, 0x3c, 
    0x81, 0xd6, 0x69, 0xbe, 0x39, 0x6c, 0x01, 0xbf, 0xc2, 0x69, 0xd0, 0xbd, 
    0x67, 0x8a, 0x2d, 0xbe, 0xcb, 0x5e, 0x66, 0x3e, 0x5f, 0x77, 0x1d, 0x3f, 
    0x30, 0x28, 0x33, 0x3d, 0x9b, 0xb5, 0x26, 0x3e, 0xde, 0xaf, 0xdb, 0x3d, 
    0x94, 0x38, 0x34, 0x3d, 0xed, 0x64, 0x32, 0x3e, 0x68, 0xe8, 0x85, 0x3e, 
    0xd7, 0x45, 0x01, 0xbe, 0x69, 0x17, 0x6d, 0xbd, 0x20, 0x59, 0xb4, 0xbd, 
    0x57, 0x77, 0x74, 0xbe, 0xcc, 0x94, 0x23, 0x3f, 0xaa, 0x2a, 0xbf, 0x3e, 
    0xff, 0x28, 0xf3, 0x3e, 0xc6, 0x9b, 0x76, 0x3e, 0xce, 0x3e, 0x06, 0x3f, 
    0x8e, 0x47, 0x58, 0xbe, 0x04, 0x91, 0x2c, 0x3e, 0xb7, 0x73, 0x07, 0x3e, 
    0x1a, 0xbe, 0xa6, 0xbe, 0x81, 0x00, 0x8c, 0x3e, 0xd1, 0xb0, 0xf8, 0x3e, 
    0x8f, 0xa5, 0x25, 0xbd, 0x76, 0xfb, 0x92, 0x3d, 0x53, 0xd2, 0x37, 0xbe, 
    0xeb, 0x59, 0x7a, 0xbe, 0xc0, 0xdf, 0xfe, 0xbd, 0x44, 0x59, 0x85, 0xbe, 
    0x9f, 0xfc, 0x54, 0x3e, 0xba, 0x14, 0xe3, 0xbd, 0x0c, 0x98, 0x84, 0xbd, 
    0x40, 0x9c, 0x99, 0x3e, 0x5d, 0x43, 0x03, 0x3c, 0x86, 0x74, 0x78, 0xbd, 
    0xad, 0xc0, 0x95, 0xbe, 0x18, 0x08, 0x81, 0xbf, 0x1b, 0x34, 0x56, 0xbe, 
    0xc5, 0x61, 0x8b, 0x3e, 0xf4, 0xdc, 0xdc, 0xbd, 0x3d, 0xaa, 0x8b, 0xbc, 
    0x83, 0x2d, 0xce, 0x3d, 0x3c, 0x14, 0x80, 0xbe, 0xfc, 0x6f, 0x07, 0x3e, 
    0xa7, 0xc2, 0x13, 0xba, 0x85, 0x43, 0x33, 0xbe, 0xd8, 0xb2, 0x84, 0xbe, 
    0xeb, 0x17, 0x03, 0x3e, 0xe1, 0xb6, 0x99, 0xbd, 0x08, 0x77, 0x1f, 0x3e, 
    0xcb, 0xfa, 0xdd, 0x3b, 0x00, 0x0f, 0x33, 0x3e, 0xfb, 0xae, 0x8e, 0x3b, 
    0x60, 0x95, 0x8e, 0x3e, 0xd9, 0xf0, 0xfa, 0x3d, 0x73, 0xa4, 0x80, 0x3e, 
    0x2e, 0x94, 0x25, 0xbe, 0x97, 0x9f, 0x6f, 0xbd, 0x94, 0xf2, 0x41, 0xbd, 
    0x67, 0x1b, 0x2a, 0x3d, 0x75, 0x9f, 0xeb, 0x3d, 0xfe, 0xe5, 0x04, 0xbf, 
    0x48, 0x4f, 0x36, 0xbd, 0x0e, 0x2f, 0xab, 0xbc, 0x3e, 0xe2, 0x73, 0x3e, 
    0x6f, 0x07, 0x59, 0x3e, 0xa7, 0xd2, 0xd4, 0x3d, 0x19, 0x72, 0x8f, 0x3c, 
    0x2b, 0x5d, 0x13, 0x3d, 0x74, 0x3f, 0xf8, 0xbd, 0x58, 0x11, 0xf4, 0xbd, 
    0x52, 0x75, 0xdf, 0xbd, 0x3a, 0x12, 0x7b, 0xbe, 0x24, 0x33, 0x9c, 0xbe, 
    0x15, 0x5d, 0xf7, 0xbc, 0x26, 0xdb, 0x9c, 0xbc, 0xec, 0xac, 0xcc, 0x3e, 
    0x7f, 0xb7, 0xbe, 0x3e, 0x20, 0xea, 0xae, 0xbc, 0xf1, 0x49, 0x84, 0x3d, 
    0x1c, 0xb2, 0xad, 0x3e, 0xf8, 0xad, 0xeb, 0xbd, 0x7e, 0x18, 0xe1, 0xbd, 
    0x42, 0xea, 0x95, 0x3d, 0x64, 0xfc, 0xe9, 0xbe, 0xd3, 0xa4, 0xc2, 0xbd, 
    0xea, 0xf4, 0x99, 0x3e, 0x97, 0xd7, 0xff, 0xbc, 0x1e, 0x75, 0x0f, 0xbd, 
    0xd7, 0xed, 0x8f, 0xbd, 0x95, 0x69, 0x9f, 0x3d, 0xd1, 0xf6, 0x0b, 0x3d, 
    0x6a, 0x14, 0x9a, 0xbe, 0x9c, 0x1c, 0xb1, 0x3c, 0x36, 0x40, 0x62, 0x3e, 
    0x81, 0x16, 0xf2, 0xbe, 0xf0, 0x24, 0x0f, 0xbe, 0x15, 0x7b, 0x95, 0xbe, 
    0x20, 0x04, 0x34, 0x3e, 0x09, 0x57, 0x8f, 0xbd, 0x22, 0x9d, 0xef, 0xbe, 
    0x96, 0x44, 0x80, 0xbe, 0x2f, 0xba, 0x62, 0x3e, 0x62, 0x60, 0xac, 0x3d, 
    0x12, 0xfc, 0x4b, 0x3e, 0x92, 0xa4, 0xfd, 0xbd, 0x9e, 0x8e, 0xe4, 0x3c, 
    0xb3, 0x59, 0x91, 0x3e, 0xaf, 0x5f, 0x9d, 0xbd, 0x6b, 0x1f, 0x9d, 0xbd, 
    0x48, 0xd7, 0xf5, 0x3d, 0x65, 0xdf, 0x00, 0xbd, 0xc0, 0xa1, 0x47, 0x3d, 
    0x09, 0x6c, 0xd6, 0x3d, 0x6f, 0x57, 0x34, 0x3d, 0x69, 0xe5, 0x18, 0x3e, 
    0x64, 0x5d, 0x9e, 0x3d, 0x15, 0xa1, 0xb5, 0xbe, 0xfe, 0xbf, 0x4e, 0x3e, 
    0x72, 0x77, 0xc6, 0x3e, 0xf2, 0xbd, 0x98, 0xbe, 0xf5, 0x90, 0x9a, 0x3e, 
    0x7b, 0x91, 0x6b, 0x3e, 0x45, 0x8d, 0xa9, 0x3d, 0xe9, 0x6e, 0x59, 0xbe, 
    0xf8, 0xc1, 0x52, 0xbe, 0xbd, 0x70, 0x78, 0xbe, 0xec, 0x65, 0x07, 0xbd, 
    0xd7, 0x2b, 0x16, 0x3f, 0x37, 0x38, 0x13, 0x3d, 0xb6, 0xff, 0x2a, 0x3e, 
    0x24, 0xbe, 0xd0, 0xbe, 0x33, 0xda, 0x91, 0xbe, 0xaa, 0x1d, 0xb6, 0xbe, 
    0x08, 0xff, 0x0b, 0x3e, 0x3f, 0x91, 0x4c, 0xbd, 0xf3, 0x36, 0x91, 0x3d, 
    0x95, 0x8a, 0x07, 0xbe, 0x99, 0xf8, 0x2a, 0x3d, 0xf1, 0x56, 0x64, 0x3d, 
    0xd5, 0x42, 0x08, 0x3f, 0x69, 0x42, 0x1e, 0xbe, 0xc3, 0xb9, 0xd9, 0x3c, 
    0x64, 0xb1, 0x80, 0xbe, 0x1f, 0x54, 0x36, 0x3f, 0x39, 0x60, 0x7a, 0x3e, 
    0x4f, 0x99, 0x12, 0x3d, 0xe6, 0xe0, 0x49, 0xbe, 0xde, 0x43, 0xd3, 0x3d, 
    0x1c, 0x8a, 0x5b, 0x3d, 0x3c, 0xbe, 0x16, 0x3f, 0x79, 0x63, 0x11, 0xbd, 
    0x04, 0x66, 0x9d, 0x3d, 0xc1, 0x0a, 0x28, 0x3e, 0xdf, 0x19, 0x84, 0x3e, 
    0xaa, 0xf5, 0x4a, 0x3d, 0xf5, 0x19, 0x03, 0xbe, 0xb1, 0xd5, 0xd1, 0x3c, 
    0x93, 0xd2, 0xbe, 0xbd, 0x1f, 0x71, 0x9d, 0xbe, 0x61, 0xfe, 0x68, 0x3e, 
    0xf9, 0xe3, 0x00, 0x3f, 0x4c, 0x60, 0xb7, 0x3e, 0x19, 0xb0, 0x6f, 0x3e, 
    0x61, 0x3a, 0xcb, 0xbe, 0xd2, 0x03, 0x7c, 0xbd, 0xb9, 0xc1, 0x0a, 0x3e, 
    0xc4, 0x26, 0x6e, 0x3d, 0xe4, 0xf9, 0xd3, 0xbe, 0xa5, 0xe3, 0xcf, 0xbd, 
    0x63, 0xe1, 0x70, 0xbe, 0x7f, 0x43, 0x2a, 0x3d, 0x85, 0xc2, 0x79, 0xbe, 
    0xf8, 0xd6, 0x84, 0xbe, 0xbe, 0x65, 0x8a, 0xbe, 0xa7, 0x42, 0x23, 0xbd, 
    0xa4, 0x6f, 0xb2, 0x3e, 0x5e, 0x15, 0x89, 0x3d, 0xe6, 0xfd, 0x78, 0x3e, 
    0x0e, 0xb0, 0x9a, 0xbe, 0x06, 0x93, 0xa2, 0x3d, 0x64, 0x05, 0x2f, 0x3e, 
    0x7f, 0xd2, 0x39, 0xbe, 0x42, 0x88, 0x1f, 0xbc, 0xf8, 0x3c, 0x99, 0x3e, 
    0x4a, 0x03, 0x4a, 0xbe, 0xe0, 0xec, 0x9e, 0xbe, 0x0f, 0x00, 0x85, 0xbc, 
    0x20, 0xb6, 0x65, 0x3e, 0xbe, 0x19, 0x9e, 0x3e, 0xa4, 0x74, 0x15, 0x3e, 
    0xad, 0x34, 0x80, 0x3e, 0x16, 0x13, 0x02, 0xbf, 0x3e, 0x31, 0x8e, 0xbb, 
    0x10, 0x77, 0xeb, 0x3d, 0x42, 0xa1, 0x8c, 0xbe, 0x33, 0x1c, 0x8b, 0x3e, 
    0x81, 0x85, 0x69, 0xbe, 0x6b, 0xca, 0x1e, 0xbe, 0xae, 0x02, 0x9c, 0x3d, 
    0x4f, 0x24, 0x65, 0x3e, 0xcd, 0x95, 0x2d, 0xbe, 0xbf, 0x23, 0xc8, 0x3d, 
    0xb6, 0x1a, 0xf7, 0xbd, 0x35, 0x6c, 0x29, 0x3e, 0x25, 0x8c, 0xa7, 0xbc, 
    0x46, 0xd4, 0xce, 0xbe, 0x70, 0xf3, 0x86, 0x3c, 0x9d, 0xc4, 0x49, 0xbd, 
    0xb0, 0x62, 0xe9, 0xbc, 0xda, 0x17, 0x12, 0xbe, 0xe6, 0xd6, 0x7b, 0xbe, 
    0x64, 0x8f, 0x1a, 0x3f, 0xbc, 0x89, 0xc0, 0x3e, 0x47, 0x2f, 0x0d, 0x3d, 
    0x88, 0xfb, 0x67, 0x3e, 0xbd, 0x73, 0xbc, 0xbd, 0xc9, 0x61, 0xd0, 0xbd, 
    0x8d, 0x29, 0xbb, 0xbc, 0x75, 0x94, 0x61, 0xbe, 0x5c, 0xde, 0x26, 0x3e, 
    0x39, 0x13, 0x5c, 0x3e, 0x10, 0x76, 0x85, 0xbe, 0xd6, 0xae, 0x0e, 0xbf, 
    0x4d, 0x6e, 0xc8, 0xbd, 0xe7, 0x78, 0x5b, 0x3d, 0x6e, 0xac, 0xba, 0xbe, 
    0x18, 0xc7, 0x91, 0x3e, 0x61, 0x6d, 0xca, 0x3e, 0x5d, 0x82, 0xe4, 0x3c, 
    0xb2, 0xfb, 0x1f, 0x3e, 0x6f, 0x1a, 0x4e, 0xbe, 0xff, 0xb2, 0x04, 0x3e, 
    0xa3, 0xe0, 0x6f, 0x3c, 0x7c, 0x8d, 0x4e, 0xbe, 0xeb, 0x88, 0xe6, 0x3d, 
    0x9f, 0x1f, 0xf1, 0xbe, 0x77, 0x35, 0x53, 0xbd, 0x45, 0x2c, 0xe5, 0x3d, 
    0xb2, 0x54, 0x9f, 0xbd, 0x11, 0xc3, 0xc7, 0x3c, 0xc4, 0x88, 0xd5, 0x3d, 
    0x47, 0xe8, 0xac, 0xbd, 0xbb, 0x07, 0x00, 0x3e, 0xe0, 0x35, 0x61, 0xbe, 
    0x33, 0xb4, 0x6a, 0xbc, 0xa8, 0xa8, 0xa6, 0x3d, 0x01, 0x94, 0xda, 0x3e, 
    0x59, 0xf2, 0xa2, 0x3e, 0x14, 0xe7, 0x47, 0x3e, 0xc4, 0x26, 0x4f, 0x3d, 
    0xf1, 0xc9, 0xef, 0x3c, 0x15, 0xee, 0xcb, 0xbe, 0xf9, 0xb9, 0xd7, 0x3e, 
    0x42, 0x57, 0x2f, 0x3e, 0xbc, 0xe1, 0x8a, 0x3d, 0xe4, 0xdc, 0x95, 0xbe, 
    0x02, 0x1a, 0xc9, 0xbe, 0xe3, 0x0b, 0x00, 0x3e, 0x39, 0x6e, 0xfb, 0x3d, 
    0xee, 0x49, 0xf9, 0xbd, 0x41, 0x48, 0x37, 0x3e, 0x9a, 0xdd, 0x14, 0xbe, 
    0xd0, 0xe8, 0xcf, 0x3d, 0xdb, 0x0f, 0xa0, 0xbe, 0xfe, 0x57, 0xa5, 0x3e, 
    0x12, 0x0a, 0x77, 0x3e, 0x1a, 0xef, 0x7e, 0x3d, 0x99, 0xd1, 0x93, 0xbe, 
    0xd0, 0xf9, 0x24, 0xbe, 0x06, 0x50, 0x15, 0x3e, 0xc3, 0xeb, 0x14, 0xbe, 
    0x26, 0x17, 0xd5, 0xbe, 0x48, 0x94, 0x7d, 0x3e, 0xd7, 0x10, 0x29, 0xbe, 
    0x4c, 0x22, 0x32, 0x3e, 0x8e, 0x48, 0xba, 0x3e, 0x9b, 0x13, 0xfe, 0xbd, 
    0x73, 0xbc, 0xbe, 0xbe, 0xf7, 0xf3, 0xba, 0xbd, 0xb1, 0xb8, 0x59, 0xbf, 
    0x7c, 0x20, 0x82, 0x3e, 0x76, 0xe0, 0xcc, 0x3e, 0x8e, 0x96, 0xaa, 0xbd, 
    0xfb, 0x7a, 0x1d, 0x3f, 0x80, 0xd0, 0x84, 0xbe, 0xa7, 0xd6, 0x9e, 0x3d, 
    0x3d, 0xc1, 0x28, 0x3e, 0x4b, 0x67, 0x8f, 0xbe, 0xcb, 0x1d, 0x66, 0x3e, 
    0xac, 0x7b, 0xb7, 0xbc, 0x69, 0xf5, 0x39, 0x3d, 0xeb, 0x45, 0x57, 0x3f, 
    0xdd, 0x95, 0x9a, 0xbd, 0x5a, 0x47, 0x06, 0x3d, 0x03, 0x8b, 0x00, 0xbd, 
    0x1c, 0x0b, 0x86, 0x3e, 0x08, 0xc9, 0x77, 0xbc, 0xd9, 0xef, 0x6e, 0xbe, 
    0xaa, 0xb0, 0x18, 0x3e, 0x60, 0x63, 0x17, 0x39, 0x9f, 0x88, 0x10, 0x3d, 
    0xd6, 0x75, 0xeb, 0x3e, 0x1e, 0x27, 0x27, 0x3e, 0x0c, 0x62, 0xd6, 0xbd, 
    0xd1, 0x6d, 0x79, 0x3d, 0x8f, 0xf2, 0x62, 0xbe, 0x20, 0x5d, 0x03, 0x3e, 
    0x74, 0x75, 0xca, 0x3b, 0xf7, 0x16, 0x96, 0x3e, 0xe5, 0x37, 0xa4, 0xbe, 
    0x7e, 0x5d, 0xc3, 0x3d, 0x42, 0x53, 0x93, 0xbd, 0x3d, 0xc6, 0xac, 0x3d, 
    0x97, 0x10, 0xec, 0xbc, 0x52, 0x2f, 0xa6, 0xbd, 0xa1, 0x50, 0xb1, 0xbd, 
    0xca, 0x0b, 0x82, 0x3c, 0x54, 0xbd, 0x09, 0xbb, 0xa7, 0x8c, 0x32, 0x3d, 
    0xf2, 0xe7, 0x91, 0xbe, 0xb7, 0x49, 0x92, 0xbe, 0xa0, 0xce, 0xc2, 0xbc, 
    0xdf, 0x10, 0xc9, 0x3d, 0x93, 0x5e, 0x39, 0xbd, 0x52, 0xaa, 0xf0, 0xbd, 
    0x1d, 0x21, 0x53, 0xbd, 0x98, 0x64, 0x7e, 0xbe, 0xc5, 0x8f, 0x3f, 0xbe, 
    0x51, 0x44, 0xb5, 0xbc, 0xc2, 0xa9, 0x51, 0x3c, 0x96, 0x2a, 0xa3, 0xbd, 
    0xb4, 0x82, 0x3c, 0xbe, 0xcd, 0x48, 0x35, 0xbe, 0x0e, 0xca, 0x17, 0xbe, 
    0x5d, 0x7a, 0xba, 0x3d, 0x9a, 0x48, 0xd8, 0xbd, 0xc2, 0x1d, 0xdd, 0xbd, 
    0xf9, 0x38, 0x28, 0xbd, 0x94, 0x90, 0xcb, 0xbd, 0x7b, 0x11, 0x42, 0xbc, 
    0x67, 0x88, 0x43, 0xbe, 0x27, 0x3e, 0xa3, 0xbd, 0x0e, 0x9a, 0x42, 0x3e, 
    0x25, 0xd7, 0xf0, 0x3d, 0x12, 0xf9, 0x07, 0x3e, 0xf1, 0x30, 0x49, 0x3d, 
    0x3e, 0x7f, 0xa6, 0x3d, 0x21, 0xa6, 0xc9, 0xbd, 0x26, 0xf9, 0x1a, 0x3e, 
    0x3b, 0xd1, 0xb2, 0x3d, 0x09, 0x51, 0x8c, 0xbe, 0x67, 0x33, 0xbe, 0xbe, 
    0xfe, 0x98, 0x0a, 0xbe, 0x4c, 0xab, 0xfe, 0xbd, 0xbd, 0x97, 0x8b, 0xbe, 
    0x33, 0xb6, 0x34, 0xbe, 0x05, 0x08, 0x0a, 0x3e, 0x28, 0xa5, 0x91, 0x3e, 
    0xa9, 0xd9, 0x20, 0x3e, 0x6a, 0x48, 0x3c, 0x3d, 0x98, 0x3f, 0x7d, 0xbe, 
    0x6f, 0xa7, 0xfc, 0xbd, 0x85, 0xd9, 0x39, 0xbe, 0x26, 0x10, 0x73, 0xbe, 
    0xb0, 0x1d, 0x93, 0xbd, 0x21, 0xf4, 0xb8, 0xbc, 0x5c, 0x6d, 0x37, 0xbc, 
    0x12, 0xfd, 0x5b, 0xbe, 0x4a, 0xed, 0x02, 0x3e, 0xb8, 0x3f, 0xd2, 0xbc, 
    0xb6, 0xad, 0x37, 0x3e, 0x5b, 0x7f, 0xb9, 0x3d, 0x6b, 0x91, 0x76, 0xbe, 
    0xaf, 0xf2, 0x40, 0xbe, 0x7f, 0x9c, 0x99, 0xbe, 0x46, 0x10, 0xd0, 0x3d, 
    0xd2, 0xfc, 0x0a, 0xbe, 0xee, 0xe1, 0x2f, 0x3d, 0x34, 0x70, 0x8c, 0x3c, 
    0x02, 0x15, 0xe5, 0x3e, 0x45, 0x5b, 0x06, 0x3e, 0x9d, 0x54, 0x76, 0x3e, 
    0x1b, 0xf8, 0x1d, 0xbb, 0x4f, 0xb9, 0xe4, 0xbc, 0x94, 0x3d, 0x4e, 0xbe, 
    0x62, 0x60, 0xc5, 0xbd, 0xdd, 0xa0, 0xe7, 0x3d, 0x2a, 0x95, 0x75, 0xbe, 
    0x6d, 0xad, 0x09, 0xbe, 0x1d, 0xa7, 0x5d, 0x3e, 0x77, 0x06, 0x93, 0x3e, 
    0x04, 0x28, 0x0f, 0x3d, 0xa2, 0x05, 0xe9, 0x3a, 0x53, 0x87, 0xaf, 0x3e, 
    0x68, 0x09, 0x07, 0xbe, 0x5a, 0xda, 0x99, 0xbe, 0x59, 0x49, 0xba, 0x3d, 
    0x6b, 0xaf, 0x22, 0xbf, 0x1b, 0x11, 0x44, 0x3e, 0xa0, 0xc0, 0x6a, 0x3d, 
    0xd0, 0x6d, 0xca, 0xbd, 0x60, 0xb8, 0x7f, 0x3e, 0x61, 0x63, 0x5d, 0xbe, 
    0xe6, 0x15, 0xd8, 0x3c, 0x82, 0x6e, 0x3b, 0x3e, 0xc4, 0xd1, 0x98, 0xbd, 
    0x0c, 0xfe, 0x0e, 0xbd, 0x87, 0xa3, 0x1b, 0xbb, 0x6d, 0x1a, 0x8a, 0xbe, 
    0xeb, 0x15, 0x19, 0x3e, 0xb2, 0xc4, 0x9a, 0xbe, 0x07, 0x46, 0x2c, 0x3f, 
    0xdb, 0xf2, 0x55, 0x3e, 0x43, 0x9a, 0xd5, 0xbd, 0xba, 0xd2, 0x59, 0xbe, 
    0xfc, 0xc5, 0x93, 0x3e, 0xa4, 0xfd, 0x9d, 0xbe, 0x95, 0x71, 0x5e, 0x3c, 
    0xb4, 0xa6, 0x1b, 0x3e, 0xbd, 0xba, 0x2e, 0x3f, 0xcf, 0x0f, 0x61, 0x3d, 
    0x8b, 0xe8, 0x8d, 0x3d, 0x43, 0x56, 0xe1, 0xbe, 0x43, 0x59, 0x10, 0xbe, 
    0xac, 0x7c, 0x05, 0xbe, 0xc3, 0xf0, 0x2b, 0xbf, 0x69, 0x15, 0xd6, 0xba, 
    0x64, 0x2b, 0x8f, 0xbe, 0xe8, 0xa7, 0x2b, 0x3d, 0x07, 0xa8, 0x54, 0x3e, 
    0xb2, 0xeb, 0x60, 0xbe, 0x3c, 0xe0, 0x08, 0xbe, 0x62, 0x75, 0x93, 0x3e, 
    0x8f, 0xca, 0x99, 0xbd, 0x3f, 0x65, 0x27, 0x3e, 0xd7, 0x27, 0x42, 0x3e, 
    0x1e, 0x80, 0xd1, 0xbe, 0x81, 0xa1, 0xec, 0xbe, 0xe6, 0x4e, 0x39, 0x3b, 
    0x17, 0x94, 0x9e, 0x3e, 0xe5, 0xd4, 0xe6, 0xbe, 0xfd, 0x4d, 0xc0, 0x3c, 
    0x0b, 0xad, 0x45, 0xbe, 0xd0, 0x46, 0x9e, 0x3d, 0x0f, 0xf7, 0x5f, 0x3f, 
    0xd9, 0xb4, 0x30, 0x3e, 0xaa, 0xa1, 0x4a, 0x3e, 0xca, 0x73, 0xa2, 0xbd, 
    0x36, 0xbc, 0xbb, 0x3d, 0x1a, 0x43, 0x11, 0xbf, 0xdf, 0x11, 0xae, 0xbe, 
    0xaa, 0x77, 0x88, 0x3e, 0x22, 0x05, 0x8b, 0xbe, 0x50, 0xc2, 0x26, 0xbe, 
    0xa5, 0x87, 0xf5, 0xbd, 0x0f, 0x19, 0x8d, 0xbd, 0x35, 0x89, 0x48, 0xbe, 
    0xca, 0x0a, 0x99, 0x3e, 0x8b, 0x2e, 0x59, 0xbd, 0x0b, 0x7c, 0x0a, 0x3e, 
    0x1e, 0xbb, 0xdf, 0x3d, 0x25, 0x64, 0x87, 0xbd, 0x40, 0x9e, 0x83, 0xbc, 
    0x03, 0x3f, 0xf2, 0xbd, 0xab, 0x6f, 0xe7, 0xbe, 0xb2, 0x27, 0x55, 0x3d, 
    0xea, 0x4b, 0xd9, 0xbd, 0x21, 0x2d, 0xf2, 0x3e, 0xa3, 0x30, 0x8e, 0x3d, 
    0x10, 0xd9, 0x64, 0x3e, 0x11, 0x74, 0x39, 0x3e, 0x5f, 0x76, 0x69, 0x3e, 
    0x4a, 0x10, 0x11, 0xbe, 0x2c, 0x1b, 0x83, 0x3e, 0xd4, 0x1d, 0x10, 0xbe, 
    0x9b, 0x8c, 0x10, 0x3f, 0x9b, 0x83, 0x8f, 0xbd, 0x26, 0x37, 0xd9, 0xbe, 
    0x25, 0xe0, 0x00, 0xbf, 0xb2, 0x1b, 0x54, 0xbd, 0xaa, 0x53, 0xbc, 0xbe, 
    0x5c, 0x61, 0x30, 0x3d, 0x64, 0x05, 0xc4, 0x3d, 0xe6, 0x89, 0x5b, 0x3e, 
    0x70, 0x37, 0x0e, 0xbe, 0x4d, 0x04, 0x08, 0x3f, 0x22, 0x9e, 0x6d, 0xbe, 
    0xca, 0x7c, 0xb3, 0xbe, 0x5a, 0x85, 0x17, 0xbe, 0xfc, 0x56, 0xc4, 0xbe, 
    0x51, 0x36, 0x20, 0xbe, 0x4d, 0x6a, 0x6d, 0xbe, 0x28, 0x7e, 0x89, 0xbd, 
    0x55, 0x12, 0x2b, 0x3f, 0x40, 0x42, 0xf9, 0x3b, 0xe1, 0xb4, 0x0f, 0xbe, 
    0x38, 0x08, 0x7e, 0x3e, 0x5e, 0xd9, 0xf0, 0xbe, 0x4b, 0x81, 0xf3, 0xbd, 
    0x52, 0x9c, 0x8b, 0xbe, 0x91, 0x73, 0x6d, 0xbe, 0x3b, 0x34, 0xb8, 0x3d, 
    0x9b, 0xd0, 0x02, 0x3e, 0xf4, 0xb1, 0xae, 0xbe, 0xca, 0x42, 0x87, 0x3e, 
    0x0a, 0x76, 0xea, 0xbe, 0xe2, 0x43, 0xaf, 0x3c, 0xe6, 0x0e, 0xc8, 0x3e, 
    0xbe, 0x54, 0x09, 0xbf, 0xe4, 0x18, 0x98, 0xbe, 0x12, 0x09, 0xf1, 0xbe, 
    0x60, 0xcc, 0x1e, 0x3d, 0xbd, 0xd9, 0x0c, 0x3f, 0x61, 0xed, 0x30, 0xbd, 
    0x41, 0x8e, 0x17, 0x3e, 0xc8, 0xc6, 0xdc, 0x3e, 0x44, 0x6d, 0x6c, 0xbe, 
    0xb2, 0x5a, 0x0e, 0x3e, 0x67, 0x02, 0x95, 0x3d, 0x6a, 0xb3, 0xe7, 0xbd, 
    0x50, 0x98, 0xbf, 0xbe, 0xde, 0xe8, 0x34, 0xbe, 0xda, 0x23, 0x33, 0xbe, 
    0x81, 0xe8, 0xd9, 0x3e, 0x76, 0x7d, 0x10, 0xbe, 0x8a, 0x3b, 0x23, 0xbe, 
    0xc4, 0xcc, 0x50, 0x3e, 0x54, 0xc7, 0x25, 0x3f, 0xbe, 0xfb, 0x9e, 0xbe, 
    0x78, 0x35, 0x9f, 0x3e, 0x80, 0xb2, 0x3f, 0xbe, 0xdc, 0xe0, 0x1c, 0xbe, 
    0x30, 0xfc, 0x9d, 0x3e, 0x60, 0xf5, 0xfb, 0x3d, 0xc2, 0x21, 0xce, 0xbe, 
    0xf7, 0xc7, 0xcb, 0xbd, 0x0b, 0x1d, 0xca, 0x3d, 0x8c, 0xfc, 0x5f, 0x3d, 
    0x89, 0x69, 0xee, 0xbd, 0x55, 0x99, 0x23, 0xbf, 0xf8, 0x0f, 0x76, 0x3e, 
    0x02, 0xb8, 0xcc, 0x3d, 0x4a, 0xb1, 0x3b, 0xbe, 0xe4, 0xaa, 0x6d, 0x3e, 
    0x7d, 0x74, 0x02, 0xbf, 0xdf, 0x2e, 0x9c, 0x3e, 0xa4, 0xf5, 0xc0, 0xbe, 
    0x10, 0xe2, 0x68, 0xbf, 0xd3, 0x82, 0xa4, 0x3e, 0x55, 0x28, 0x8c, 0x3e, 
    0xac, 0xd9, 0xcd, 0xbe, 0xf3, 0xca, 0x99, 0xbd, 0xe7, 0x57, 0xa1, 0xbe, 
    0x08, 0x21, 0x9c, 0x3d, 0x51, 0x24, 0x16, 0xbc, 0x44, 0x33, 0x20, 0x3e, 
    0x33, 0x2c, 0x4d, 0x3e, 0x97, 0x4a, 0x84, 0xbe, 0xa3, 0xd7, 0xd3, 0xbc, 
    0x12, 0xde, 0x8b, 0xbd, 0x65, 0xcc, 0x27, 0x3e, 0x46, 0xc8, 0x1e, 0x3e, 
    0x57, 0x0c, 0x1f, 0x3e, 0x0a, 0x36, 0x8a, 0x3e, 0xfc, 0xc8, 0x05, 0x3d, 
    0xb2, 0xd7, 0xff, 0xff, 0x04, 0x00, 0x00, 0x00, 0x00, 0x26, 0x00, 0x00, 
    0x28, 0x39, 0x02, 0x39, 0x09, 0x61, 0x2a, 0xbe, 0xe9, 0xd1, 0x4b, 0xbe, 
    0x2f, 0xfd, 0xb8, 0x3d, 0xcf, 0x7a, 0x3a, 0xbe, 0x93, 0xcc, 0x36, 0xbe, 
    0x04, 0x7d, 0xa4, 0xbe, 0x10, 0x61, 0x79, 0xbf, 0xdc, 0xbf, 0xec, 0xbd, 
    0x75, 0x7a, 0xd2, 0x3d, 0x84, 0xb1, 0xd7, 0x3c, 0x8e, 0xf5, 0x91, 0xbc, 
    0x16, 0x63, 0xb8, 0xbd, 0xf7, 0xe1, 0xe0, 0xbe, 0x42, 0x62, 0x04, 0x3e, 
    0x9f, 0xb9, 0xb7, 0xbe, 0xa1, 0xab, 0x60, 0xbe, 0xfe, 0xa4, 0xcb, 0xbe, 
    0xa6, 0x47, 0x09, 0xbe, 0x1d, 0x76, 0x39, 0xbe, 0x34, 0x10, 0x35, 0xbe, 
    0xe3, 0xdf, 0x99, 0xbc, 0x6d, 0xda, 0x7f, 0x3e, 0xea, 0x35, 0xda, 0xbc, 
    0x6d, 0x47, 0xd1, 0x3d, 0x5b, 0x97, 0x8c, 0x3d, 0xf9, 0x7f, 0x00, 0x3e, 
    0xd8, 0xe9, 0x3b, 0xbd, 0x56, 0x1b, 0xc3, 0xbc, 0xa9, 0x8d, 0x91, 0xbe, 
    0x8c, 0x55, 0x27, 0xbf, 0x86, 0xed, 0x93, 0xbd, 0x00, 0xde, 0x1b, 0xbe, 
    0x6f, 0x9a, 0x30, 0xbe, 0x52, 0x4e, 0x17, 0xbe, 0xb6, 0xc0, 0x01, 0x3f, 
    0xa3, 0x5d, 0x93, 0xbe, 0x13, 0x32, 0x9a, 0x3e, 0x74, 0xd1, 0xec, 0xbd, 
    0xb8, 0xc4, 0x33, 0xbe, 0xda, 0xe2, 0x8d, 0xbd, 0xeb, 0xa0, 0xde, 0x3d, 
    0x33, 0x40, 0xbb, 0xbe, 0xa3, 0x53, 0x59, 0x3e, 0x7f, 0x5c, 0x2a, 0x3e, 
    0xf9, 0xfa, 0x26, 0xbe, 0x3e, 0xec, 0x78, 0xbd, 0x7c, 0x02, 0xb8, 0xbd, 
    0x20, 0x96, 0xfb, 0xbd, 0x75, 0x5a, 0x96, 0xbd, 0xb3, 0x7a, 0x8d, 0x3e, 
    0xb4, 0xc5, 0xf3, 0x3d, 0x4f, 0xff, 0x16, 0xbe, 0x50, 0x71, 0x34, 0x3e, 
    0x0c, 0xb3, 0x4a, 0xbe, 0x3a, 0x6a, 0x01, 0x3d, 0xc2, 0x7f, 0x7c, 0xbe, 
    0xdd, 0x4e, 0xb0, 0xbd, 0xb4, 0x41, 0xc5, 0x3d, 0x4a, 0xe5, 0xa5, 0x3e, 
    0x40, 0x58, 0x62, 0x3e, 0xac, 0x59, 0xaf, 0xbd, 0x29, 0x6f, 0x4a, 0xbe, 
    0x33, 0xb7, 0x23, 0xbc, 0x0b, 0x34, 0x45, 0x3e, 0x5c, 0x3a, 0x10, 0xbe, 
    0x75, 0x66, 0xa9, 0x3e, 0x1b, 0x3c, 0xdd, 0x3d, 0xfa, 0x8b, 0xfb, 0x3d, 
    0x55, 0xfa, 0xd3, 0xbe, 0xc2, 0x84, 0x52, 0xbd, 0x74, 0x61, 0x6e, 0xbe, 
    0x97, 0x66, 0xa0, 0xbd, 0x5e, 0xa5, 0xbe, 0x3e, 0x7f, 0x22, 0x74, 0x3d, 
    0xb0, 0xf2, 0x75, 0xbe, 0x06, 0xac, 0xdf, 0xbe, 0x25, 0xc9, 0x1d, 0x3d, 
    0xa3, 0xc8, 0x23, 0x3d, 0xc5, 0x5a, 0x95, 0xbe, 0x37, 0xe2, 0xa0, 0xbe, 
    0x6b, 0xff, 0x01, 0xbf, 0x2a, 0x5f, 0x35, 0x3e, 0x5a, 0xae, 0x59, 0x3e, 
    0xa5, 0xbc, 0xad, 0xbe, 0x09, 0x32, 0xce, 0xbd, 0x00, 0x80, 0xac, 0x3c, 
    0x4e, 0xd2, 0x84, 0x3d, 0x2c, 0x09, 0x11, 0x3e, 0x16, 0xce, 0xc5, 0xbd, 
    0xbb, 0xa2, 0x46, 0x3e, 0xe2, 0x03, 0x37, 0x3e, 0xb6, 0xf7, 0x1b, 0x3e, 
    0xc4, 0xb2, 0x4d, 0xbd, 0xf0, 0xbb, 0x13, 0x3e, 0xe4, 0xb3, 0x97, 0x3e, 
    0x8e, 0xa1, 0xd9, 0x3e, 0xcd, 0xd8, 0xab, 0x3e, 0x38, 0xbd, 0x8e, 0x3e, 
    0x3d, 0xd0, 0xc0, 0x3d, 0x84, 0xc3, 0xe2, 0xbe, 0xc9, 0x66, 0x7c, 0x3e, 
    0x87, 0x19, 0xf6, 0x3d, 0x53, 0x82, 0xb1, 0xbc, 0x96, 0x97, 0x61, 0xbd, 
    0xf3, 0x86, 0x36, 0x3e, 0xec, 0x69, 0x69, 0x3e, 0xeb, 0xe3, 0x66, 0xbe, 
    0x8f, 0x67, 0x06, 0xbe, 0xb0, 0x68, 0x95, 0x3e, 0x17, 0xd3, 0xad, 0x3e, 
    0x0c, 0x2f, 0xd2, 0x3e, 0x3c, 0x42, 0x5e, 0xbe, 0x67, 0x08, 0x34, 0x3e, 
    0x99, 0x98, 0x59, 0x3e, 0x17, 0x1d, 0x4b, 0xbe, 0x7d, 0x79, 0x65, 0x3d, 
    0xd2, 0xbe, 0xa6, 0xbc, 0x6a, 0xa2, 0x67, 0xbe, 0x7f, 0x73, 0xc8, 0xbd, 
    0xda, 0x5f, 0xb5, 0xbe, 0x2b, 0xe0, 0xbd, 0x3d, 0x7a, 0xa3, 0xbd, 0x3e, 
    0xad, 0xc6, 0x1d, 0x3d, 0x07, 0x75, 0x23, 0x3d, 0xa0, 0x43, 0x8b, 0xbe, 
    0x0b, 0xeb, 0x3a, 0x3d, 0xae, 0xcb, 0x46, 0x3e, 0xa3, 0x92, 0x6b, 0x3d, 
    0x47, 0x03, 0x35, 0xbe, 0x33, 0x89, 0x59, 0x3d, 0x4a, 0xb7, 0xfc, 0x3d, 
    0x28, 0x7f, 0xab, 0x3b, 0x04, 0x94, 0x0b, 0xbf, 0xfd, 0x9b, 0x2a, 0xbe, 
    0xca, 0xfd, 0xac, 0xbd, 0x71, 0xf5, 0x9e, 0x3e, 0xee, 0x6c, 0x26, 0x3e, 
    0x74, 0x01, 0xe3, 0xbc, 0x39, 0x5a, 0xb8, 0x3d, 0x5e, 0x95, 0x5d, 0x3d, 
    0x87, 0x9d, 0xc3, 0xbd, 0xfd, 0xfa, 0x39, 0xbe, 0x38, 0xa6, 0xf8, 0xbe, 
    0xa7, 0xed, 0x1e, 0xbf, 0x2e, 0x65, 0x11, 0xbe, 0x1f, 0x96, 0x21, 0x3c, 
    0xee, 0xcb, 0xd9, 0xbd, 0x86, 0xf9, 0x86, 0x3d, 0xeb, 0x7a, 0xfe, 0x3c, 
    0x2a, 0x6e, 0xc1, 0xbe, 0x4e, 0x44, 0xfd, 0x3e, 0x49, 0x0f, 0xa6, 0xbd, 
    0xbf, 0xf8, 0x4f, 0x3e, 0x7c, 0xbe, 0xb6, 0xbe, 0xd0, 0x26, 0x73, 0xbe, 
    0x46, 0x4e, 0x1a, 0x3d, 0xb6, 0x25, 0x09, 0xbe, 0xea, 0x4d, 0x1f, 0x3e, 
    0x25, 0x85, 0xb5, 0xbd, 0x6d, 0x56, 0x2f, 0xbe, 0x1c, 0x75, 0x1e, 0xbd, 
    0xce, 0xcd, 0x53, 0xbb, 0x84, 0xe9, 0xf3, 0xbc, 0x77, 0xab, 0x89, 0x3e, 
    0x73, 0x28, 0x32, 0x3d, 0x72, 0xdb, 0xcb, 0x3d, 0x24, 0x2a, 0x1e, 0xbd, 
    0xf9, 0x94, 0x1b, 0xbd, 0x2d, 0xdf, 0x80, 0x3e, 0x99, 0xe5, 0x57, 0x3e, 
    0xb3, 0xb5, 0x09, 0x3f, 0x00, 0x18, 0xa9, 0xbb, 0x3f, 0x75, 0x4c, 0x3e, 
    0x83, 0xd2, 0xa6, 0xbd, 0x2f, 0x79, 0xda, 0x3d, 0xe0, 0xfb, 0xc9, 0xbd, 
    0x59, 0x39, 0x7d, 0xbe, 0x12, 0xc0, 0xf9, 0xbd, 0xa4, 0xcd, 0x47, 0xbe, 
    0xe6, 0x72, 0xfb, 0x3e, 0x84, 0xe5, 0x00, 0x3f, 0x30, 0xa7, 0x91, 0xbe, 
    0x35, 0x60, 0x4a, 0xbd, 0x8c, 0xf0, 0xc7, 0x3c, 0x98, 0x18, 0x1d, 0x3e, 
    0x25, 0x8a, 0x69, 0xbe, 0xd8, 0xc5, 0x79, 0x3e, 0xe3, 0x4c, 0xa3, 0x3e, 
    0x2d, 0xb7, 0xb7, 0xbd, 0x28, 0x50, 0xb7, 0xbc, 0xde, 0x52, 0x48, 0xbd, 
    0xcb, 0xf8, 0x72, 0xbd, 0xcb, 0x8b, 0xfb, 0x3d, 0x77, 0x53, 0x68, 0xbe, 
    0x69, 0x0b, 0x03, 0xbf, 0x64, 0x42, 0x42, 0x3e, 0x7b, 0x26, 0xcc, 0xbd, 
    0x1e, 0x21, 0xd3, 0x3d, 0xd9, 0x43, 0xa3, 0x3b, 0xa7, 0x3c, 0x26, 0x3d, 
    0x7a, 0x95, 0x1b, 0x3d, 0x6c, 0x7d, 0x2c, 0x3f, 0xdd, 0x7b, 0xb9, 0x3d, 
    0x94, 0xaf, 0x3e, 0x3c, 0xf6, 0xe0, 0x1b, 0xbe, 0xeb, 0xdd, 0x55, 0x3e, 
    0xbd, 0x78, 0x2a, 0x3c, 0x0c, 0xde, 0x2a, 0xbe, 0x54, 0x72, 0x4c, 0xbf, 
    0xc1, 0xad, 0xbf, 0x3e, 0x4f, 0x05, 0xe6, 0xbc, 0x96, 0xc0, 0x9e, 0xbe, 
    0x24, 0x50, 0x96, 0xbd, 0x0f, 0xec, 0xa5, 0xbe, 0x06, 0x55, 0x90, 0xbe, 
    0xe9, 0x58, 0x13, 0x3d, 0x25, 0x56, 0x95, 0x3e, 0x86, 0x10, 0x4a, 0x3d, 
    0x40, 0x3a, 0x8b, 0xbe, 0x17, 0xbf, 0x60, 0x3d, 0xa6, 0xf4, 0x4b, 0x3e, 
    0x0f, 0xc8, 0x20, 0x3e, 0x0d, 0xfe, 0xd9, 0x3d, 0x5b, 0xda, 0x94, 0x3e, 
    0x56, 0x62, 0x6d, 0x3e, 0x83, 0xbd, 0xa3, 0x3e, 0xd8, 0xaf, 0x75, 0xbe, 
    0x5c, 0x0f, 0xea, 0x3c, 0xe2, 0xaa, 0x9d, 0x3d, 0xe0, 0x9c, 0x60, 0x3e, 
    0x81, 0x16, 0x24, 0xbe, 0xe5, 0xff, 0x9a, 0xbb, 0x53, 0x76, 0xd1, 0xbe, 
    0x27, 0x97, 0x94, 0xbe, 0xf0, 0xf5, 0x87, 0xbe, 0x07, 0xdf, 0x55, 0xbe, 
    0x11, 0xdc, 0x9c, 0xbd, 0x0e, 0xa2, 0x6e, 0xbe, 0x39, 0x16, 0x88, 0xbc, 
    0x86, 0x35, 0x98, 0xbe, 0xeb, 0xf3, 0x95, 0xbe, 0xcb, 0x7a, 0x05, 0xbe, 
    0x0d, 0x61, 0x87, 0xbe, 0x48, 0x2a, 0x47, 0xbe, 0x3f, 0x0e, 0x25, 0xbd, 
    0x49, 0xc0, 0x45, 0x3e, 0x25, 0x1f, 0x81, 0x3e, 0x06, 0x1a, 0x85, 0xbd, 
    0x90, 0xa8, 0xa8, 0x3e, 0xc4, 0x5a, 0x5c, 0xb9, 0x36, 0xfa, 0xfb, 0xbc, 
    0x9e, 0x55, 0xca, 0xbc, 0xa3, 0x2f, 0x22, 0xbe, 0xc8, 0x9a, 0x5f, 0x3d, 
    0x36, 0x5b, 0xb0, 0x3e, 0x88, 0x01, 0x0c, 0x3d, 0xb2, 0xcd, 0x71, 0xbe, 
    0x88, 0xd5, 0xbd, 0xbe, 0x05, 0x46, 0x55, 0x3e, 0xa7, 0x61, 0xbc, 0x3e, 
    0x20, 0x20, 0xa3, 0x3e, 0x2c, 0xae, 0x9a, 0x3e, 0x17, 0x31, 0x9b, 0xbe, 
    0xd6, 0x70, 0xab, 0x3d, 0xfd, 0x45, 0x48, 0xbe, 0x72, 0x03, 0x30, 0xbf, 
    0xd7, 0xdb, 0x8c, 0x3d, 0x8b, 0xa4, 0x1d, 0x3e, 0x2d, 0x27, 0x1a, 0xbe, 
    0xdc, 0x95, 0x0f, 0x3e, 0xb9, 0x31, 0x0e, 0xbf, 0x8e, 0x29, 0x55, 0xbe, 
    0xcc, 0xcf, 0x10, 0xbe, 0x02, 0x1a, 0xae, 0xbe, 0xeb, 0xde, 0x78, 0xbe, 
    0x2d, 0xd7, 0xd9, 0x3d, 0x96, 0x6e, 0xd5, 0xbc, 0xff, 0xa8, 0xe8, 0xbe, 
    0x06, 0x6f, 0x56, 0xbe, 0x54, 0xeb, 0xe1, 0x3c, 0x52, 0x4a, 0xa8, 0xbe, 
    0x97, 0xd0, 0x80, 0xbe, 0xb7, 0x7d, 0x68, 0x3c, 0x2f, 0x7f, 0x28, 0x3e, 
    0xa8, 0x60, 0x82, 0x3e, 0x02, 0x59, 0x8f, 0x3e, 0x60, 0xd5, 0xb9, 0x3e, 
    0xd1, 0xe1, 0x9a, 0x3d, 0x32, 0xa9, 0x16, 0x3e, 0x84, 0x39, 0xe9, 0xbd, 
    0x17, 0x0b, 0x5a, 0x3c, 0x25, 0x23, 0xc1, 0x3d, 0xd9, 0x27, 0x80, 0xbd, 
    0xff, 0x77, 0x0e, 0xbe, 0xee, 0x15, 0x09, 0xbf, 0xf6, 0x8a, 0xfc, 0xbd, 
    0xc7, 0x7b, 0x28, 0x3e, 0x12, 0xf3, 0xc6, 0xbd, 0x43, 0x83, 0xe3, 0x3e, 
    0x58, 0x1b, 0x34, 0x3e, 0xcd, 0xb7, 0x81, 0x3e, 0x9a, 0xf8, 0x87, 0x3e, 
    0x6e, 0x87, 0xd0, 0x3e, 0x05, 0xf2, 0x09, 0xbd, 0x84, 0x3d, 0xda, 0xbc, 
    0x93, 0xf0, 0x54, 0x3e, 0x7f, 0x43, 0xc1, 0x3d, 0xe2, 0xc3, 0x9e, 0x3d, 
    0x76, 0x50, 0xc2, 0xbe, 0xd1, 0x58, 0x86, 0x3e, 0xef, 0x32, 0x40, 0x3e, 
    0x22, 0xa7, 0xf8, 0xbd, 0xb8, 0x86, 0x72, 0x3e, 0xa6, 0xcb, 0x12, 0x3e, 
    0x05, 0x8e, 0xc3, 0xbd, 0xbb, 0xc5, 0x1a, 0x3e, 0x58, 0x00, 0x45, 0x3d, 
    0x3f, 0x42, 0x32, 0x3e, 0xb2, 0x46, 0x1f, 0x3d, 0x75, 0x47, 0x71, 0x3e, 
    0xe8, 0xa2, 0x12, 0xbe, 0x7c, 0x5f, 0x13, 0x3d, 0x48, 0xdc, 0x71, 0x3e, 
    0xd6, 0xb0, 0xb9, 0x3c, 0xff, 0x86, 0x4a, 0xbe, 0x46, 0x0c, 0x24, 0x3e, 
    0x81, 0x25, 0x28, 0xbe, 0xcb, 0x58, 0x70, 0x3e, 0x90, 0xac, 0x9e, 0xbe, 
    0x86, 0xa9, 0x10, 0x3d, 0xd4, 0xe8, 0xa8, 0x3d, 0x36, 0x7d, 0x46, 0x3f, 
    0x8b, 0x17, 0x4e, 0xbe, 0xbd, 0xba, 0x2d, 0x3e, 0x50, 0x9a, 0x08, 0xbd, 
    0x2f, 0x7d, 0xad, 0xbc, 0x4b, 0x1d, 0x27, 0xbe, 0xed, 0x47, 0x87, 0xbe, 
    0x91, 0x11, 0xc1, 0xbd, 0xa8, 0xe9, 0xfb, 0x3d, 0xe6, 0xba, 0x2f, 0xbe, 
    0x99, 0x68, 0x0b, 0xbf, 0x16, 0x95, 0xc2, 0x3e, 0x72, 0xb0, 0x9d, 0x3d, 
    0x68, 0xc7, 0xa9, 0xbd, 0x18, 0x3b, 0x9c, 0xbd, 0x64, 0xfa, 0x96, 0xbe, 
    0xd3, 0x35, 0xc7, 0x3e, 0xa3, 0x41, 0x0b, 0xbe, 0xff, 0x7c, 0xda, 0xbe, 
    0x75, 0x17, 0x50, 0xbd, 0xfc, 0xe0, 0x05, 0xbe, 0xe4, 0x78, 0x16, 0x3e, 
    0x0b, 0xd5, 0xf2, 0x3d, 0x52, 0xf5, 0x0a, 0x3d, 0x43, 0x94, 0x16, 0x3e, 
    0x92, 0x35, 0xb5, 0x3d, 0x54, 0x32, 0x27, 0xbe, 0x32, 0x1b, 0x65, 0xbe, 
    0xcf, 0x29, 0xa3, 0x3e, 0x0a, 0x00, 0x39, 0x3e, 0xad, 0x8f, 0x2c, 0x3d, 
    0x65, 0xd4, 0x8f, 0x3e, 0xc5, 0x49, 0x01, 0x3d, 0xea, 0xbe, 0x14, 0x3e, 
    0xdf, 0x9a, 0x08, 0x3e, 0x61, 0xac, 0xb7, 0x3d, 0xc6, 0x2c, 0x9d, 0xbd, 
    0xcc, 0x65, 0x7a, 0x3e, 0x61, 0x58, 0x0e, 0xbe, 0x11, 0xbc, 0xd2, 0xbd, 
    0xda, 0x7d, 0x36, 0x3e, 0x33, 0xa6, 0x85, 0x3e, 0x41, 0x99, 0xb5, 0xbd, 
    0x13, 0x86, 0x3a, 0x3e, 0xfe, 0xb0, 0xb0, 0x3d, 0x1a, 0x73, 0xf7, 0x3d, 
    0x65, 0x57, 0x26, 0x3e, 0xce, 0x56, 0x30, 0x3e, 0x22, 0xa9, 0xf4, 0x3d, 
    0xcc, 0x36, 0x77, 0x3e, 0x08, 0xbd, 0x0c, 0x3e, 0x94, 0x0a, 0xa5, 0xbe, 
    0x4a, 0x62, 0xdf, 0xbe, 0x4d, 0x7e, 0x4c, 0xbc, 0x4c, 0xf3, 0x03, 0x3e, 
    0x28, 0xef, 0x1a, 0xbf, 0x76, 0x5e, 0x96, 0xbd, 0x53, 0x9f, 0x43, 0xbe, 
    0x66, 0x1c, 0xbc, 0xbe, 0x51, 0x46, 0x98, 0xbe, 0xd4, 0x7c, 0x6d, 0x3e, 
    0x45, 0x04, 0xf6, 0xbd, 0x40, 0xd8, 0x2b, 0x3e, 0x57, 0xd6, 0x36, 0x3e, 
    0xc7, 0x1c, 0x51, 0x3d, 0xd5, 0xdb, 0x66, 0xbe, 0xa1, 0x51, 0x43, 0xbe, 
    0x55, 0xb5, 0xd9, 0xbe, 0x90, 0xa7, 0x0b, 0xbe, 0x5f, 0x1e, 0x83, 0xbe, 
    0xc7, 0xc3, 0xb7, 0x3e, 0x56, 0xc0, 0x34, 0x3e, 0xf9, 0x4d, 0xc7, 0x3e, 
    0x92, 0xcf, 0xc4, 0x3c, 0x78, 0xfa, 0x33, 0xbe, 0x0f, 0xed, 0x6c, 0xbd, 
    0xde, 0xc3, 0xd9, 0x3d, 0xc1, 0x4b, 0x8c, 0x3e, 0x6c, 0xdf, 0x81, 0xbe, 
    0x14, 0x3a, 0xa6, 0xbc, 0x5b, 0x86, 0x22, 0x3e, 0x2c, 0xb1, 0xa1, 0xbe, 
    0xa5, 0x3e, 0xa9, 0x3d, 0x39, 0x62, 0xd0, 0xbd, 0x5d, 0x8a, 0x8b, 0xbe, 
    0x14, 0xd3, 0x11, 0x3f, 0xaa, 0x15, 0x51, 0x3e, 0x93, 0x58, 0x30, 0xbe, 
    0x0c, 0x53, 0xa1, 0x3e, 0x18, 0x67, 0x80, 0x3d, 0x41, 0x72, 0x6e, 0xbe, 
    0x4f, 0xd3, 0x76, 0x3e, 0x2b, 0x7f, 0x28, 0xbd, 0x7f, 0x8c, 0x05, 0x3d, 
    0x7b, 0xfe, 0xab, 0x3d, 0x5b, 0xa2, 0x12, 0xbe, 0x14, 0x93, 0x9c, 0xbe, 
    0x3b, 0x9c, 0x8a, 0xbe, 0x3e, 0x15, 0x1d, 0xbe, 0x25, 0x8d, 0x9b, 0x3c, 
    0x90, 0x06, 0x14, 0x3e, 0xdb, 0x19, 0xec, 0xbc, 0x37, 0x59, 0x82, 0xbe, 
    0xe9, 0x4c, 0x13, 0xbe, 0xb8, 0x05, 0xe1, 0xbe, 0x84, 0xf6, 0x81, 0xbf, 
    0x43, 0xc3, 0x95, 0xbd, 0xe7, 0xa4, 0xb1, 0xbe, 0xcc, 0xb3, 0x87, 0xbe, 
    0xea, 0x97, 0x5a, 0xbe, 0x6a, 0xc5, 0x6c, 0xbe, 0x10, 0x94, 0x39, 0x3e, 
    0xb0, 0x6d, 0x19, 0x3d, 0xa8, 0xc0, 0xde, 0x3e, 0x10, 0x21, 0x63, 0x3c, 
    0x5a, 0xae, 0x3d, 0xbe, 0xc0, 0x95, 0xc2, 0x3d, 0x76, 0xe6, 0x89, 0x3a, 
    0x4e, 0x26, 0x41, 0x3d, 0x5f, 0x14, 0x7f, 0x3d, 0x65, 0x8b, 0xcf, 0x3e, 
    0xae, 0x8c, 0x50, 0xbf, 0x26, 0x88, 0x83, 0xbd, 0x8d, 0x0a, 0x5f, 0x3e, 
    0xf5, 0xbc, 0x24, 0x3e, 0xc3, 0x45, 0x8b, 0x3e, 0xef, 0x80, 0xc9, 0xbd, 
    0xb1, 0x6e, 0x40, 0x3c, 0x45, 0x26, 0x24, 0x3e, 0x65, 0xaa, 0x31, 0x3e, 
    0x4a, 0x6d, 0x41, 0xbe, 0xba, 0x84, 0x14, 0x3c, 0x39, 0x25, 0x32, 0x3d, 
    0x21, 0xbd, 0x22, 0x3b, 0x13, 0xc1, 0xf0, 0x3c, 0x6f, 0xfc, 0x38, 0xbd, 
    0xe7, 0x75, 0xfe, 0xbd, 0x70, 0x58, 0xcd, 0x3d, 0x76, 0x34, 0x03, 0xbd, 
    0x72, 0x69, 0x3f, 0xbd, 0x43, 0x2b, 0x87, 0x3d, 0x18, 0x57, 0xa8, 0x3d, 
    0xd0, 0x89, 0x85, 0xbe, 0xa8, 0x97, 0x04, 0x3f, 0x78, 0x7b, 0xaf, 0x3e, 
    0xca, 0x14, 0x68, 0x3c, 0x94, 0x71, 0xd9, 0xbe, 0x31, 0x32, 0x9a, 0xbe, 
    0xb0, 0xd6, 0x23, 0x3d, 0x75, 0x51, 0xbe, 0x3d, 0xd6, 0xa6, 0x21, 0xbc, 
    0xe5, 0xa7, 0x78, 0xbe, 0x36, 0xdb, 0x6a, 0x3e, 0x5f, 0xb6, 0x4b, 0x3e, 
    0x49, 0xed, 0x07, 0x3f, 0xf6, 0x42, 0xa5, 0xbe, 0x8a, 0x04, 0xb6, 0x3d, 
    0x87, 0x0b, 0xa2, 0xbd, 0x97, 0x9b, 0xbd, 0xbe, 0x69, 0xc6, 0x2a, 0xbf, 
    0xff, 0x89, 0x6e, 0xbe, 0xdc, 0x6e, 0xea, 0x3e, 0xb9, 0xb7, 0x40, 0x3c, 
    0xe2, 0xb6, 0x27, 0xbe, 0x72, 0xaa, 0xfb, 0xbd, 0x34, 0x52, 0xee, 0x3d, 
    0xba, 0xec, 0x41, 0x3e, 0xb0, 0x05, 0x84, 0xbe, 0x5d, 0xea, 0xfe, 0x3e, 
    0xaa, 0x9a, 0x27, 0x3c, 0xac, 0x73, 0x4f, 0xbe, 0xcf, 0xbe, 0x30, 0xbd, 
    0x9a, 0x12, 0xd8, 0x3c, 0x73, 0xa7, 0xd5, 0x3d, 0x8d, 0x01, 0x02, 0xbe, 
    0x44, 0x25, 0x9b, 0xbb, 0xb6, 0x7c, 0x57, 0x3d, 0x04, 0x00, 0x83, 0xbd, 
    0x6c, 0x17, 0x1b, 0x3e, 0x6a, 0xe8, 0x92, 0x3d, 0xae, 0x5c, 0xf8, 0x3e, 
    0x09, 0xad, 0x9d, 0x3d, 0x9d, 0x94, 0xac, 0xbd, 0x3d, 0x70, 0x70, 0xbd, 
    0x8d, 0xf4, 0xd1, 0x3d, 0x93, 0x1f, 0x75, 0x3e, 0xc2, 0xa6, 0x83, 0xbe, 
    0x5a, 0x3a, 0x9c, 0x3c, 0x4f, 0xad, 0xae, 0x3d, 0xbb, 0x5f, 0xc1, 0xbd, 
    0x0d, 0x92, 0x7b, 0x3e, 0x29, 0xed, 0xf4, 0x3d, 0xde, 0x56, 0x49, 0x3d, 
    0x54, 0xe0, 0xaf, 0xbc, 0x33, 0xfa, 0x66, 0x3d, 0xbd, 0x7e, 0xcd, 0x3d, 
    0xac, 0x01, 0x0c, 0x3e, 0xce, 0xbc, 0x6d, 0xbe, 0x8c, 0xc9, 0x42, 0xbd, 
    0xa2, 0x69, 0x02, 0xbf, 0x6f, 0x16, 0xd2, 0xbc, 0x5f, 0xcc, 0xd4, 0xbd, 
    0xa9, 0xd1, 0xfd, 0x3d, 0x71, 0xf3, 0x12, 0xbf, 0x7e, 0xa7, 0xe7, 0x3d, 
    0xf0, 0xb7, 0xff, 0xbd, 0x40, 0x99, 0x3c, 0xbe, 0x55, 0x16, 0xa9, 0x3d, 
    0x72, 0x15, 0x57, 0x3e, 0xe2, 0x48, 0xae, 0xbe, 0xb9, 0xee, 0xce, 0x3d, 
    0x7e, 0xc9, 0x4c, 0x3e, 0x65, 0xa3, 0x2d, 0x3c, 0xca, 0xa5, 0x12, 0x3e, 
    0x75, 0xf4, 0xc9, 0x3d, 0x1d, 0x07, 0xd5, 0xbd, 0x9d, 0xfe, 0xe4, 0x3d, 
    0xf8, 0x72, 0x8e, 0xbe, 0x75, 0xbd, 0x84, 0xbe, 0xf2, 0x15, 0x2a, 0xbd, 
    0x6d, 0x9d, 0x2f, 0x3f, 0xdd, 0xfa, 0x17, 0x3f, 0xcc, 0x5a, 0xa2, 0x3d, 
    0x60, 0x02, 0xb0, 0x3d, 0x13, 0x0d, 0xa2, 0xbd, 0xab, 0xca, 0xe2, 0x3d, 
    0x5a, 0xea, 0x09, 0x3e, 0x05, 0x4f, 0x1e, 0x3e, 0xbf, 0x4a, 0x98, 0xbe, 
    0xbf, 0xb3, 0x69, 0x3d, 0xbc, 0x8c, 0x45, 0xbe, 0xcb, 0x8e, 0x8f, 0xbe, 
    0x13, 0x64, 0x57, 0x3e, 0x29, 0x6c, 0x4c, 0x3f, 0xa3, 0x40, 0xc4, 0x3e, 
    0x91, 0xe4, 0x27, 0xbf, 0x95, 0x04, 0x47, 0x3e, 0xe4, 0xf4, 0xb0, 0xbd, 
    0x80, 0x8d, 0x6d, 0xbd, 0x39, 0xa0, 0x12, 0xbf, 0x9f, 0xef, 0x5b, 0xbe, 
    0xbf, 0x4b, 0xa0, 0x3e, 0xdc, 0x94, 0x11, 0xbe, 0xfd, 0xce, 0x05, 0x3f, 
    0x9a, 0x0a, 0x82, 0x3e, 0xff, 0x4a, 0x53, 0x3e, 0xf0, 0x91, 0x8c, 0x3e, 
    0x47, 0x43, 0x46, 0x3e, 0x12, 0xa8, 0x84, 0xbd, 0x11, 0xb4, 0x33, 0xbd, 
    0x44, 0xc8, 0x5b, 0xbe, 0xe9, 0x67, 0x50, 0x3e, 0x0a, 0xfe, 0x5b, 0x3e, 
    0xb9, 0x82, 0x49, 0x3e, 0xac, 0x72, 0x71, 0x3c, 0xb9, 0x19, 0x15, 0xbe, 
    0x68, 0x29, 0xa6, 0x3e, 0x8a, 0x04, 0x7d, 0x3e, 0x39, 0x3a, 0xf4, 0x3a, 
    0xad, 0xae, 0x3c, 0x3d, 0xa8, 0x98, 0x0b, 0x3e, 0x5a, 0x81, 0xf3, 0x3d, 
    0xe9, 0x2a, 0xab, 0x3e, 0xf9, 0xbc, 0x70, 0xbe, 0x74, 0x1c, 0x7f, 0x3e, 
    0xb4, 0xe3, 0x1b, 0xbd, 0xe5, 0xb3, 0x2c, 0x3e, 0x76, 0x23, 0xc3, 0x3d, 
    0x6f, 0x8b, 0x81, 0x3d, 0x17, 0x2a, 0x33, 0x3c, 0x97, 0x57, 0xae, 0xbd, 
    0xa4, 0x41, 0xc3, 0xbb, 0xb2, 0x03, 0x09, 0xbe, 0x12, 0xbc, 0x86, 0xbe, 
    0x18, 0x4d, 0x0f, 0x3e, 0xbb, 0x30, 0xf9, 0x3c, 0x75, 0xa3, 0x0b, 0xbe, 
    0xa2, 0xfc, 0x71, 0x3e, 0x86, 0xcd, 0x9d, 0xbe, 0x2a, 0x66, 0x7d, 0x3b, 
    0xe5, 0x8e, 0x14, 0xbd, 0x33, 0x68, 0x72, 0xbf, 0x93, 0x9d, 0x31, 0xbe, 
    0xae, 0xa2, 0x60, 0xbf, 0xed, 0x24, 0x6d, 0xbe, 0x6d, 0x9e, 0x6d, 0xbe, 
    0xfe, 0xfb, 0x1c, 0x3e, 0xa7, 0x47, 0x46, 0x3e, 0x3d, 0x1f, 0x6d, 0x3f, 
    0xfd, 0x99, 0x68, 0xbe, 0x7e, 0x5c, 0xe2, 0x3c, 0x27, 0x59, 0xf2, 0x3d, 
    0xd5, 0x72, 0x17, 0xbe, 0xa4, 0xb2, 0x07, 0xbe, 0xec, 0x03, 0x87, 0xbe, 
    0x7b, 0xee, 0xe6, 0xbd, 0xcc, 0xd4, 0x55, 0x3d, 0xb4, 0xed, 0x48, 0x3b, 
    0xda, 0xa9, 0x03, 0xbd, 0xa6, 0xfa, 0x50, 0xbe, 0x56, 0x42, 0x25, 0xbd, 
    0x6f, 0x40, 0xa4, 0xbd, 0x87, 0x18, 0x22, 0x3e, 0xed, 0x85, 0xa7, 0x3a, 
    0xe5, 0x23, 0x39, 0x3d, 0xd7, 0x18, 0x31, 0x3e, 0x97, 0x2b, 0x04, 0xbe, 
    0x0e, 0x21, 0x5d, 0x3e, 0x2c, 0xf8, 0x40, 0xbf, 0x01, 0x9c, 0x23, 0x3d, 
    0x79, 0x46, 0xe1, 0xbd, 0x74, 0x74, 0xef, 0xbe, 0x78, 0x4b, 0x8e, 0x3d, 
    0x0f, 0x8c, 0x82, 0x3b, 0xc4, 0x88, 0x09, 0xbd, 0x01, 0x2a, 0xbe, 0xbd, 
    0x19, 0xa4, 0x11, 0xbe, 0xf3, 0x7c, 0xa3, 0xbe, 0xc6, 0x81, 0xed, 0x3d, 
    0x02, 0x89, 0x98, 0x3d, 0x90, 0x8c, 0x00, 0xbe, 0x62, 0x15, 0x76, 0x3c, 
    0xf1, 0x79, 0x70, 0xbe, 0xb2, 0xe0, 0x45, 0x3e, 0xca, 0xfd, 0x38, 0xbe, 
    0x47, 0x5e, 0x1e, 0x3e, 0x8c, 0x81, 0xcf, 0xbd, 0x16, 0x1c, 0x60, 0xbe, 
    0x8d, 0x0c, 0x2a, 0x3d, 0x95, 0xac, 0x87, 0xbe, 0xab, 0xcc, 0xc8, 0xbd, 
    0xe6, 0x82, 0x23, 0x3e, 0x99, 0x99, 0x37, 0xbd, 0x78, 0x39, 0x95, 0xbe, 
    0xcd, 0xd6, 0x01, 0x3e, 0xf9, 0x9a, 0x74, 0xbe, 0xc1, 0xf0, 0x41, 0x3d, 
    0xf7, 0x6d, 0x2b, 0x3e, 0x75, 0x58, 0x11, 0x3e, 0x6b, 0xc4, 0x26, 0xbe, 
    0x7c, 0xa3, 0xbf, 0xbe, 0x47, 0x43, 0xb1, 0x3e, 0x6e, 0xac, 0x39, 0xbc, 
    0xea, 0x8e, 0xb7, 0x3e, 0x5c, 0x79, 0xf8, 0x3e, 0x94, 0xf1, 0x07, 0x3e, 
    0x5f, 0x2a, 0x64, 0x3e, 0xeb, 0xe6, 0x7f, 0xbc, 0x6f, 0xbb, 0xcb, 0xbd, 
    0x25, 0x8f, 0x79, 0x3d, 0xb7, 0xae, 0x05, 0x3e, 0x20, 0x6e, 0x0c, 0x3f, 
    0xbd, 0x5f, 0x4d, 0xbe, 0x92, 0x36, 0x0e, 0x3f, 0x22, 0xf4, 0x35, 0x3e, 
    0xee, 0x98, 0x97, 0x3d, 0x0b, 0xa0, 0x4e, 0xbe, 0xb8, 0x59, 0x99, 0x3d, 
    0xea, 0xcc, 0x83, 0xbe, 0x53, 0xd5, 0x04, 0x3e, 0xcc, 0xb4, 0x57, 0x3c, 
    0x48, 0x87, 0xd1, 0x3d, 0x2f, 0x07, 0xac, 0x3d, 0x63, 0x4a, 0x79, 0xbd, 
    0xd0, 0xf8, 0xbf, 0x3d, 0xb8, 0x07, 0x21, 0x3e, 0x8c, 0x3a, 0xd1, 0xbd, 
    0xc4, 0x28, 0x7a, 0x3e, 0x48, 0xb3, 0xc1, 0x3a, 0x50, 0x1b, 0xb2, 0xbd, 
    0xd6, 0x3d, 0x88, 0xbe, 0x38, 0x7b, 0xd5, 0xba, 0xdb, 0x2d, 0x52, 0x3d, 
    0xab, 0xd5, 0x4b, 0x3d, 0x72, 0xa1, 0x46, 0x3e, 0xe8, 0xee, 0x34, 0xbb, 
    0x03, 0x0d, 0x16, 0x3f, 0x7b, 0xc5, 0xc7, 0xbe, 0xde, 0xb2, 0x97, 0x3e, 
    0x1c, 0x11, 0x7a, 0x3e, 0xe0, 0x0b, 0x92, 0xbe, 0x65, 0xaa, 0xa3, 0xbe, 
    0x9d, 0xb0, 0x62, 0xbe, 0xcc, 0x36, 0x77, 0x3e, 0x03, 0x65, 0x2c, 0xbd, 
    0x22, 0xa1, 0x75, 0xbe, 0xaa, 0x7b, 0xa5, 0x3c, 0xc6, 0x74, 0x37, 0x3f, 
    0x39, 0x53, 0xc4, 0x3e, 0x38, 0x14, 0x5f, 0x3e, 0x76, 0x42, 0xa8, 0x3e, 
    0xe2, 0x49, 0x22, 0x3e, 0xf9, 0x25, 0x54, 0x3c, 0x65, 0xbd, 0x74, 0x3e, 
    0xea, 0x7f, 0xf0, 0x3c, 0x1a, 0x54, 0x47, 0x3c, 0x4c, 0xed, 0xbd, 0x3e, 
    0xb6, 0x50, 0x63, 0xbe, 0x6a, 0x87, 0xdf, 0x3e, 0xb3, 0x25, 0x0e, 0xbe, 
    0xab, 0x49, 0x87, 0xbd, 0xf8, 0x26, 0x5d, 0xbd, 0x4a, 0x9b, 0xd8, 0xbe, 
    0x1b, 0x1c, 0x01, 0x3e, 0x17, 0xd3, 0xae, 0xbc, 0x3a, 0x1c, 0x1f, 0x3e, 
    0x23, 0x91, 0xdc, 0x3d, 0xf9, 0x52, 0x48, 0x3e, 0x2a, 0x79, 0x5b, 0x3e, 
    0x93, 0x9c, 0x5a, 0x3e, 0x87, 0xff, 0x51, 0xbd, 0x34, 0x01, 0x2b, 0x3e, 
    0xa7, 0x46, 0x09, 0x3e, 0x3e, 0x69, 0xec, 0x3d, 0x9a, 0x01, 0x5f, 0xbe, 
    0x0a, 0x18, 0xa3, 0xbd, 0x9d, 0x5d, 0x13, 0xbe, 0x7f, 0x45, 0x5c, 0xbe, 
    0x3e, 0xe1, 0x99, 0x3e, 0x3c, 0xe1, 0x5c, 0xbd, 0x61, 0xb8, 0xc0, 0x3e, 
    0x5a, 0xb4, 0x57, 0x3e, 0x34, 0xf0, 0x3f, 0x3e, 0xc7, 0x20, 0x28, 0x3d, 
    0xaf, 0xa7, 0x02, 0x3e, 0x4b, 0x40, 0xb7, 0xbd, 0xc9, 0xf4, 0x8e, 0xbd, 
    0x54, 0x66, 0xc9, 0x3d, 0x62, 0xa5, 0x83, 0x3e, 0xe6, 0x2f, 0xbe, 0x3e, 
    0x7c, 0xdc, 0xa4, 0x3e, 0xc3, 0x65, 0x79, 0xbe, 0x4d, 0x18, 0x63, 0x3e, 
    0x39, 0x7d, 0xce, 0xbe, 0x3e, 0x1c, 0x55, 0x3e, 0xd9, 0x77, 0x1f, 0x3d, 
    0x55, 0x3b, 0x96, 0xbe, 0xf5, 0xfa, 0xbb, 0x3c, 0xc4, 0x82, 0x0e, 0x3d, 
    0xa0, 0xb5, 0xb1, 0x3d, 0x80, 0x57, 0x21, 0xbe, 0x7b, 0x57, 0x88, 0xbd, 
    0xa7, 0x58, 0x18, 0x3e, 0x8a, 0x91, 0x24, 0x3e, 0xcd, 0xca, 0x84, 0x3c, 
    0x9b, 0xb5, 0x04, 0xbe, 0xd0, 0xb3, 0xbb, 0x3c, 0xad, 0x92, 0x02, 0x3c, 
    0xf5, 0x0e, 0xa7, 0x3e, 0xfe, 0x2c, 0x53, 0x3e, 0xcd, 0x18, 0xc2, 0xbd, 
    0xa4, 0x79, 0x56, 0xbd, 0x59, 0xa2, 0xe5, 0xbc, 0x9a, 0x8e, 0x85, 0x3e, 
    0x47, 0xba, 0x5d, 0x3d, 0xec, 0x23, 0x8a, 0x3e, 0xe2, 0xe0, 0x83, 0xbe, 
    0x5d, 0xea, 0xfc, 0xbc, 0xdc, 0xfd, 0xbf, 0xbc, 0xea, 0xcc, 0x65, 0x3b, 
    0xb5, 0x59, 0x88, 0xbd, 0x77, 0x6a, 0xe2, 0x3d, 0xcf, 0xef, 0x07, 0x3e, 
    0x98, 0x30, 0xc4, 0x3e, 0x56, 0x1d, 0x66, 0xbe, 0x0b, 0x00, 0x04, 0xbe, 
    0xac, 0x93, 0x0f, 0xbd, 0x0c, 0xcc, 0xe8, 0x3c, 0x25, 0x16, 0x8a, 0xbe, 
    0xaa, 0x0c, 0xcf, 0xbd, 0x1e, 0x05, 0xd7, 0xb9, 0x79, 0x19, 0xb7, 0x3d, 
    0xde, 0x70, 0xb7, 0x3e, 0xe8, 0x7f, 0xab, 0x3d, 0x90, 0x7f, 0xab, 0x3e, 
    0xdb, 0xe9, 0x61, 0x3e, 0xe1, 0xf1, 0x2c, 0x3c, 0xec, 0x2c, 0xa4, 0xbc, 
    0x39, 0x39, 0x05, 0x3e, 0xbd, 0xd8, 0xb1, 0x3d, 0x29, 0x56, 0x1d, 0xbe, 
    0xa4, 0x81, 0x65, 0x3e, 0x85, 0x0a, 0x80, 0x3e, 0x8f, 0xac, 0x63, 0xbe, 
    0xd4, 0x52, 0x8c, 0xbe, 0x50, 0xe9, 0xa1, 0x3e, 0x6e, 0xcf, 0xca, 0xbd, 
    0x72, 0xfb, 0x9b, 0xbe, 0xf4, 0x68, 0x44, 0xbc, 0x51, 0x00, 0xab, 0x3e, 
    0xc7, 0xe0, 0x08, 0x3b, 0x0f, 0x46, 0x8d, 0xbe, 0x37, 0x29, 0x8c, 0x3c, 
    0xbf, 0xd6, 0xe2, 0x3d, 0x21, 0x52, 0x80, 0x3e, 0xcd, 0xfa, 0x80, 0x3e, 
    0xb8, 0x6e, 0x08, 0xbd, 0xcd, 0x71, 0x81, 0xbd, 0xa1, 0x79, 0x51, 0xbe, 
    0x91, 0x4f, 0x4f, 0xbe, 0xef, 0x5f, 0x81, 0x3e, 0xe8, 0x64, 0xea, 0x3d, 
    0x62, 0xdf, 0x0e, 0x3e, 0xdb, 0xe8, 0x95, 0x3e, 0xf0, 0xdd, 0xd4, 0x3d, 
    0x61, 0xe9, 0x5e, 0x3e, 0x8b, 0x2c, 0x4e, 0xbd, 0xa9, 0x79, 0x4f, 0x3e, 
    0xe4, 0x41, 0xbc, 0xbe, 0xd6, 0xe3, 0x92, 0x3d, 0x36, 0x20, 0x4d, 0xbe, 
    0x3b, 0x2b, 0x8a, 0xbf, 0xab, 0x9c, 0xd1, 0x3e, 0x4a, 0x48, 0x74, 0xbe, 
    0x1a, 0xe3, 0x5f, 0xbe, 0xdd, 0x21, 0x1e, 0x3e, 0x91, 0x4f, 0x6d, 0xbe, 
    0x95, 0x66, 0x05, 0xbd, 0x70, 0xcf, 0x1a, 0x3e, 0xfd, 0x72, 0x47, 0x3e, 
    0xc3, 0x80, 0x28, 0x3d, 0x44, 0x87, 0x09, 0xbe, 0xfe, 0xc1, 0x83, 0x3e, 
    0xed, 0x24, 0x0f, 0x3f, 0xad, 0xc4, 0xe6, 0xbd, 0x6c, 0x08, 0xc9, 0x3d, 
    0x72, 0xe9, 0xda, 0xbe, 0x20, 0x03, 0x26, 0xbe, 0xb7, 0x72, 0x89, 0xbe, 
    0x80, 0x65, 0x2f, 0xbe, 0xd1, 0xf4, 0x5f, 0xbd, 0x2a, 0x60, 0x89, 0x3d, 
    0x68, 0xfe, 0x40, 0x3e, 0x57, 0x74, 0x24, 0xbe, 0xed, 0xf9, 0xf8, 0xbd, 
    0xcf, 0xcc, 0x9b, 0xbe, 0xc0, 0xb0, 0xc6, 0x3d, 0x88, 0x73, 0xa7, 0x3e, 
    0x17, 0x24, 0x21, 0xbe, 0xad, 0x67, 0xca, 0xbe, 0xac, 0x46, 0xe8, 0xbe, 
    0x60, 0xe6, 0x35, 0x3e, 0x33, 0x2f, 0x1d, 0xbd, 0x30, 0xda, 0x11, 0x3e, 
    0xf2, 0xe1, 0xab, 0xbe, 0xd5, 0x35, 0xe7, 0xbc, 0x99, 0xbe, 0x27, 0xbe, 
    0x31, 0x5e, 0x62, 0xbf, 0x23, 0x24, 0x5a, 0xbd, 0x78, 0x26, 0x37, 0xbe, 
    0xaa, 0x44, 0xa1, 0x3d, 0x13, 0xa3, 0x52, 0x3e, 0xc8, 0x2c, 0x11, 0xbd, 
    0x10, 0xd3, 0x31, 0x3d, 0x06, 0xaf, 0xff, 0x3e, 0x31, 0xc3, 0x5c, 0xbe, 
    0x32, 0xaf, 0x95, 0x3d, 0x43, 0x5c, 0x00, 0xbe, 0x8b, 0xb6, 0x25, 0x3e, 
    0x41, 0x70, 0x44, 0x3e, 0xc4, 0x4d, 0xee, 0xbd, 0x22, 0x53, 0x13, 0x3d, 
    0xf5, 0xf3, 0x73, 0xbe, 0x52, 0xd6, 0xc9, 0xbd, 0x8a, 0x70, 0xe1, 0x3d, 
    0x22, 0x8e, 0x20, 0xbe, 0xb1, 0x6e, 0x1d, 0xbe, 0xbb, 0x58, 0xae, 0xbc, 
    0x9d, 0x1f, 0x90, 0x3d, 0x12, 0x5b, 0x7a, 0xbe, 0xb2, 0x10, 0xf3, 0x3d, 
    0xda, 0x2a, 0x5c, 0xbc, 0xf5, 0x9f, 0xac, 0x3e, 0xf8, 0xeb, 0x9f, 0x3e, 
    0x82, 0x7e, 0x5d, 0xbf, 0x33, 0x1b, 0x12, 0xbd, 0xe2, 0xf0, 0x70, 0xbe, 
    0x96, 0x7f, 0x30, 0xbe, 0x04, 0x8c, 0x43, 0xbe, 0xe6, 0x8d, 0x8a, 0x3e, 
    0x23, 0x18, 0x3c, 0x3e, 0x27, 0xe2, 0x29, 0x3e, 0x39, 0x3a, 0xc6, 0xbe, 
    0x9c, 0x43, 0xb6, 0xbd, 0x1f, 0x8d, 0x1a, 0xbe, 0x7c, 0xe7, 0xa0, 0xbd, 
    0x0b, 0x47, 0x45, 0xbb, 0x17, 0xa8, 0x2b, 0xbf, 0xb9, 0x14, 0x7c, 0x3e, 
    0x07, 0xa1, 0x3e, 0xbe, 0xc9, 0x67, 0x32, 0xbc, 0x88, 0x61, 0xed, 0xbc, 
    0x48, 0x50, 0xa1, 0x3f, 0x57, 0x77, 0xf8, 0xbd, 0x39, 0x8a, 0xf6, 0xbc, 
    0x0a, 0x27, 0xca, 0xbd, 0x5b, 0x63, 0x35, 0xbe, 0x7e, 0x83, 0x19, 0x3c, 
    0xd2, 0x69, 0xaa, 0xbd, 0xa1, 0x36, 0xf1, 0x3e, 0xa5, 0xd7, 0xa1, 0xbd, 
    0x32, 0x7b, 0x96, 0xbd, 0xf0, 0x67, 0x9a, 0xbc, 0x6d, 0x58, 0xbe, 0xbe, 
    0x3d, 0x6a, 0x29, 0x3d, 0x6a, 0xda, 0xbd, 0x3d, 0x22, 0x62, 0xa9, 0x3e, 
    0x2b, 0xe1, 0x08, 0xbe, 0x06, 0x00, 0xe6, 0x3d, 0x24, 0xec, 0xc0, 0xbc, 
    0x54, 0xe1, 0xfa, 0x3e, 0x89, 0xa4, 0x7e, 0xbe, 0x90, 0x06, 0x74, 0x3d, 
    0x32, 0x58, 0xe4, 0xbd, 0xb2, 0x56, 0x9e, 0xbe, 0x73, 0xe7, 0x6b, 0xbf, 
    0x81, 0x15, 0x05, 0xbe, 0xd6, 0x44, 0x01, 0x3e, 0x22, 0x38, 0xdd, 0x3d, 
    0x73, 0x91, 0x00, 0x3f, 0x74, 0x52, 0x76, 0x3e, 0xf8, 0x3c, 0x4e, 0xbd, 
    0x4d, 0x9f, 0xe5, 0xbd, 0xec, 0x06, 0xea, 0x3d, 0x81, 0x77, 0x61, 0xbd, 
    0x75, 0x76, 0x8e, 0x3c, 0x3c, 0xd7, 0x83, 0xbe, 0x2d, 0x83, 0x82, 0xbe, 
    0xed, 0xb7, 0x90, 0x3d, 0x29, 0x60, 0x96, 0x3c, 0x4f, 0xf9, 0xe2, 0x3d, 
    0xb2, 0x62, 0x6b, 0xbd, 0xf3, 0xb5, 0x01, 0x3d, 0x2b, 0x16, 0x1f, 0x3e, 
    0x45, 0x7c, 0x61, 0x3e, 0xca, 0x32, 0x0e, 0x3e, 0x66, 0x7e, 0xd6, 0x3c, 
    0xc5, 0xa8, 0x77, 0xbd, 0x97, 0x8e, 0x4f, 0xbd, 0x7d, 0xb6, 0x89, 0x3e, 
    0x2d, 0x60, 0x36, 0x3e, 0x11, 0x25, 0x73, 0x3d, 0x30, 0xf0, 0x5a, 0xbe, 
    0x5d, 0xd6, 0x71, 0x3c, 0xf6, 0x5e, 0x92, 0x3d, 0x28, 0x12, 0xe0, 0x3e, 
    0x08, 0x31, 0x17, 0x3e, 0x06, 0x87, 0xaa, 0xbd, 0x87, 0x3d, 0x1e, 0x3d, 
    0x2a, 0xad, 0x7c, 0x3d, 0x94, 0x62, 0xdb, 0xbd, 0xed, 0xce, 0x05, 0x3e, 
    0x09, 0x9d, 0xf4, 0x3d, 0x57, 0x9b, 0x10, 0x3e, 0xee, 0xb7, 0x11, 0xbe, 
    0x9b, 0x04, 0x6f, 0x3d, 0xdf, 0x2d, 0xcd, 0xbd, 0xe0, 0xd3, 0x6c, 0xbe, 
    0xa1, 0xde, 0x05, 0x3f, 0x58, 0xea, 0x06, 0x3e, 0xf9, 0xd4, 0xc3, 0xbd, 
    0x14, 0x12, 0x21, 0xbe, 0xb1, 0x73, 0xa9, 0xbe, 0xdc, 0xd6, 0x65, 0xbf, 
    0xfd, 0xbf, 0xea, 0x3e, 0x5e, 0x12, 0x54, 0xbe, 0x9a, 0xe2, 0x70, 0xbd, 
    0xe3, 0x54, 0xbd, 0x3d, 0xd6, 0x31, 0x2a, 0x3f, 0x03, 0xe7, 0xe0, 0x3d, 
    0x6e, 0x11, 0x97, 0xbe, 0xf3, 0xad, 0x6c, 0x3e, 0x0e, 0xdc, 0x75, 0xbc, 
    0x3d, 0xc5, 0x6f, 0xbe, 0x9b, 0x91, 0xd0, 0xba, 0x67, 0x2f, 0xaf, 0xbe, 
    0x7b, 0x4e, 0x20, 0x3d, 0xe2, 0x9c, 0x5e, 0x3e, 0x81, 0xdf, 0x3f, 0xbd, 
    0x9e, 0x97, 0xfd, 0xbd, 0x02, 0x0f, 0x9c, 0xbc, 0xb7, 0x40, 0x8c, 0x3d, 
    0x69, 0x1b, 0x83, 0x3d, 0x7a, 0xa3, 0x89, 0xbe, 0x27, 0x7b, 0xf4, 0xbd, 
    0x58, 0x08, 0x01, 0xbe, 0x38, 0x27, 0x62, 0xbd, 0xf7, 0xf7, 0xd5, 0x3c, 
    0x41, 0x1d, 0x0d, 0xbf, 0xa6, 0x37, 0xff, 0xbe, 0x53, 0xc8, 0x59, 0x3b, 
    0xd6, 0xe9, 0x9c, 0x3e, 0x83, 0x57, 0xfb, 0x3b, 0xfa, 0xb2, 0x4c, 0x3e, 
    0x4b, 0x7b, 0x41, 0xbe, 0x09, 0x1d, 0xbe, 0x3e, 0xca, 0x05, 0x69, 0x3d, 
    0x9f, 0x93, 0xf3, 0xbe, 0x0d, 0x08, 0x27, 0x3e, 0xd0, 0x3b, 0xd4, 0x3d, 
    0xe5, 0x5d, 0x1b, 0x3d, 0x36, 0x4a, 0x82, 0x3d, 0x02, 0x27, 0x03, 0xbe, 
    0xe0, 0x2f, 0xbd, 0xbd, 0x01, 0xd3, 0xbe, 0x3d, 0xa3, 0x6d, 0xd2, 0xbd, 
    0x53, 0x5d, 0xec, 0x3d, 0x97, 0xb6, 0x9c, 0xbd, 0xea, 0x50, 0x94, 0xbc, 
    0x9f, 0x63, 0x18, 0x3e, 0xd0, 0xf5, 0x47, 0xbe, 0x47, 0x5e, 0x83, 0x3e, 
    0x9d, 0x37, 0xd9, 0xbd, 0xc2, 0xc3, 0xbb, 0x3e, 0xd1, 0xb7, 0x00, 0x3e, 
    0x6f, 0x68, 0x3a, 0x3d, 0xe0, 0x04, 0x60, 0x3e, 0xed, 0xbe, 0x3f, 0xbe, 
    0x08, 0x2f, 0x88, 0xbb, 0x89, 0xc7, 0x30, 0x3e, 0x68, 0xa2, 0xfc, 0x3d, 
    0x87, 0x2d, 0x94, 0xbe, 0x31, 0xf7, 0x9b, 0x3e, 0xda, 0x56, 0xe7, 0x3e, 
    0x13, 0x3b, 0x02, 0xbf, 0x03, 0x56, 0x0c, 0xbd, 0x69, 0x22, 0xec, 0x3d, 
    0x7b, 0x26, 0x6b, 0xbe, 0x22, 0xa3, 0xc0, 0xbe, 0x50, 0x7a, 0xcb, 0x3d, 
    0xbc, 0x60, 0x3d, 0x3e, 0x83, 0x98, 0x90, 0x3e, 0x68, 0xb1, 0x1a, 0x3d, 
    0x40, 0x09, 0x1a, 0xbe, 0xfb, 0xf8, 0x34, 0x3c, 0x46, 0x69, 0x25, 0x3e, 
    0x3b, 0x33, 0xfd, 0x3d, 0x44, 0x69, 0xcb, 0x3d, 0x75, 0x18, 0xcf, 0xbd, 
    0xcc, 0x44, 0x66, 0x3e, 0x97, 0x52, 0x79, 0x3e, 0x95, 0xad, 0xc8, 0xbd, 
    0x97, 0x4a, 0x88, 0x3d, 0x3c, 0xe1, 0x44, 0xbd, 0x8e, 0xae, 0x0f, 0x3e, 
    0xa8, 0x4c, 0x49, 0x3e, 0x20, 0x96, 0xdf, 0xbd, 0x2a, 0x98, 0xe4, 0x3c, 
    0x68, 0xd1, 0x3e, 0x3d, 0x2b, 0xf9, 0x5a, 0xbd, 0x2a, 0xff, 0xf5, 0xbe, 
    0x7e, 0xed, 0xa4, 0xbe, 0x31, 0x2d, 0x69, 0x3d, 0xbd, 0x06, 0xa1, 0x3d, 
    0x87, 0x5a, 0xa0, 0x3d, 0x84, 0x7c, 0x06, 0x3b, 0xf6, 0x6c, 0x5d, 0x3e, 
    0x81, 0x19, 0x2b, 0x3e, 0x78, 0x3f, 0x90, 0x3d, 0x1e, 0xff, 0x36, 0x3e, 
    0x25, 0xb2, 0x38, 0xbc, 0x70, 0xb7, 0x73, 0xbe, 0xf4, 0x82, 0xda, 0x3e, 
    0xde, 0x87, 0x22, 0x3e, 0xa5, 0x9a, 0xa8, 0x3e, 0x97, 0x31, 0x62, 0xbe, 
    0x54, 0x58, 0x97, 0xbd, 0x29, 0x86, 0x50, 0x3e, 0x12, 0xf5, 0x90, 0x3e, 
    0x72, 0x0d, 0x38, 0x3f, 0x51, 0xeb, 0x6a, 0x3e, 0x15, 0x63, 0x82, 0xbe, 
    0x17, 0x17, 0x72, 0x3e, 0xc6, 0x80, 0x96, 0x3e, 0xc7, 0xc8, 0x3b, 0x3e, 
    0x4d, 0xac, 0x86, 0x3d, 0xca, 0x27, 0xfc, 0x3d, 0xb1, 0x7b, 0x14, 0x3e, 
    0xd9, 0x9e, 0x95, 0x3e, 0x43, 0x77, 0x83, 0x3e, 0x15, 0x9c, 0x18, 0x3e, 
    0x81, 0x6f, 0x40, 0xbd, 0x81, 0xd9, 0xb5, 0xbe, 0x60, 0x9b, 0x61, 0xbe, 
    0xd5, 0x31, 0x2b, 0xbc, 0x14, 0x70, 0xe2, 0x3d, 0x7d, 0x13, 0x22, 0xbd, 
    0xf7, 0xde, 0x0b, 0x3e, 0x3a, 0xa8, 0xb6, 0x3d, 0xf5, 0xcf, 0x4e, 0x3e, 
    0x4a, 0xa4, 0x9f, 0xbd, 0x04, 0xed, 0x56, 0xbe, 0x8c, 0xd8, 0xfa, 0x3d, 
    0x85, 0xc0, 0x8e, 0xbd, 0x81, 0xc9, 0x2c, 0x3e, 0x4e, 0x79, 0x86, 0x3e, 
    0xe5, 0x4a, 0xf8, 0xbd, 0xfe, 0xa9, 0xf2, 0xbd, 0x78, 0x97, 0x4e, 0x3c, 
    0xb1, 0x6f, 0xd0, 0x3d, 0x1a, 0x5c, 0x15, 0xbe, 0x59, 0x3a, 0x74, 0xbd, 
    0xa3, 0xe2, 0x27, 0x3d, 0xac, 0x0b, 0xc6, 0xbc, 0xfb, 0xb7, 0x33, 0xbe, 
    0xf3, 0xf7, 0x61, 0x3e, 0x55, 0x37, 0xc9, 0xbd, 0x96, 0x60, 0x6a, 0xbe, 
    0x0b, 0x0b, 0x8c, 0x3e, 0x90, 0x54, 0xad, 0x3d, 0xf2, 0xa0, 0x3c, 0x3e, 
    0x8f, 0xd8, 0xe4, 0xbd, 0xd8, 0x91, 0xf1, 0x3d, 0x16, 0x3c, 0x87, 0xbe, 
    0x80, 0x49, 0x5e, 0x3c, 0x31, 0xa5, 0x49, 0xbe, 0xee, 0x28, 0xbf, 0xbe, 
    0x97, 0xaa, 0x5f, 0xbe, 0xbc, 0xa0, 0x97, 0x3d, 0xa4, 0x07, 0x70, 0xbe, 
    0x3f, 0x2e, 0xbf, 0xbe, 0x38, 0x46, 0xf5, 0xbd, 0x21, 0x73, 0xfe, 0x3c, 
    0xf9, 0x5a, 0x5b, 0xbe, 0xd4, 0x21, 0x77, 0xbe, 0x5e, 0x50, 0x31, 0xbe, 
    0xf0, 0x45, 0x21, 0x3e, 0x9a, 0x05, 0x8a, 0x3d, 0x2b, 0x9a, 0xc3, 0x3d, 
    0x1e, 0x3e, 0x42, 0x3e, 0x87, 0x93, 0x82, 0xbe, 0xdf, 0xf9, 0x21, 0xbe, 
    0xb7, 0xc5, 0x8a, 0xbe, 0xf7, 0xec, 0x4e, 0xbe, 0x18, 0x27, 0xea, 0x3d, 
    0xfc, 0x98, 0xf8, 0xbe, 0xcc, 0xa2, 0x22, 0xbe, 0x73, 0xa1, 0x37, 0xbe, 
    0xa6, 0x84, 0xc0, 0xbe, 0x26, 0xe5, 0xcb, 0x3e, 0x05, 0xd3, 0x53, 0xbe, 
    0xfb, 0xae, 0x56, 0x3e, 0x7e, 0x01, 0x40, 0x3e, 0xc8, 0xad, 0xb4, 0xbd, 
    0xff, 0x2e, 0x0c, 0xbe, 0xb0, 0x3c, 0x8d, 0x3e, 0xe4, 0xad, 0xbf, 0x3d, 
    0x4e, 0x57, 0x91, 0xbe, 0x9d, 0x9d, 0x01, 0xbe, 0x71, 0x48, 0x63, 0xbe, 
    0xa7, 0x51, 0x37, 0xbe, 0x7c, 0xf2, 0x9c, 0x3d, 0x75, 0xaf, 0xf6, 0x3d, 
    0x36, 0x64, 0x29, 0x3d, 0xa1, 0xf9, 0xd5, 0xbd, 0x10, 0x17, 0xef, 0x3d, 
    0xd9, 0xe2, 0x8e, 0xbe, 0x3d, 0xf5, 0xb3, 0xb8, 0xd3, 0xee, 0xd2, 0xbc, 
    0x71, 0x06, 0x93, 0xbe, 0xb2, 0x2b, 0x16, 0xbe, 0x98, 0x6a, 0xe3, 0xbd, 
    0x99, 0x1e, 0xf3, 0x3d, 0x88, 0x26, 0x23, 0x3e, 0x20, 0x47, 0xe6, 0x3e, 
    0xdc, 0xaf, 0x81, 0x3c, 0xed, 0x94, 0x37, 0x3e, 0x73, 0x9c, 0xc2, 0x3e, 
    0x87, 0x81, 0x90, 0x3d, 0xb9, 0x96, 0x9c, 0x3e, 0xf4, 0x92, 0x12, 0xbf, 
    0x04, 0xcf, 0x2f, 0x3e, 0x94, 0x6f, 0x87, 0xbc, 0x7b, 0xb9, 0x47, 0x3d, 
    0x58, 0xe3, 0x11, 0xbf, 0x28, 0xd3, 0x02, 0xbf, 0x19, 0xba, 0x9e, 0x3e, 
    0x3b, 0xc0, 0x4d, 0xbe, 0x47, 0x22, 0x57, 0x3e, 0x5f, 0x00, 0xea, 0xbd, 
    0x2a, 0x5b, 0xcb, 0x3d, 0x23, 0x3d, 0x0f, 0x3f, 0x62, 0xed, 0x66, 0xbd, 
    0x8a, 0xf1, 0xf5, 0x3e, 0xd0, 0xe4, 0x6e, 0x3e, 0xa6, 0x99, 0xc9, 0xbc, 
    0xdd, 0x98, 0xbf, 0x3e, 0x23, 0x73, 0x20, 0xbc, 0x70, 0x1e, 0x2f, 0xbe, 
    0xaa, 0xd7, 0x15, 0x3e, 0xa8, 0x4e, 0xcc, 0x3c, 0xb9, 0x28, 0x55, 0x3e, 
    0x01, 0xb8, 0x0d, 0x3f, 0x06, 0x5e, 0xc9, 0x3d, 0xa6, 0xb2, 0x8d, 0x3d, 
    0x6b, 0x77, 0xc4, 0x3d, 0x35, 0x21, 0x4d, 0x3e, 0x87, 0x3d, 0x1d, 0xbe, 
    0x82, 0xc5, 0xd2, 0x3d, 0xd1, 0xad, 0x7c, 0xbe, 0x33, 0x2f, 0xc6, 0x3c, 
    0x45, 0x51, 0x71, 0xbd, 0xad, 0x1d, 0xa7, 0x3c, 0x50, 0xab, 0xd6, 0xbe, 
    0xb9, 0x08, 0xc9, 0xbd, 0x2e, 0x9d, 0x04, 0xbe, 0xde, 0x67, 0x07, 0xbe, 
    0xbc, 0x6c, 0xa4, 0xbe, 0x3b, 0x2d, 0x9c, 0x3e, 0xeb, 0x68, 0xa8, 0xbd, 
    0x50, 0xf9, 0x9d, 0x3e, 0x79, 0x3d, 0x9b, 0xbe, 0xe3, 0xf4, 0x8a, 0xbe, 
    0x4c, 0xf6, 0xc6, 0xbe, 0x1b, 0xb2, 0x54, 0x3e, 0x51, 0xe3, 0x0b, 0xbf, 
    0xb0, 0xac, 0x48, 0x3e, 0xc9, 0x54, 0xbf, 0xbe, 0x37, 0x34, 0x40, 0x3d, 
    0xa6, 0xaa, 0xd6, 0x3e, 0x23, 0x2e, 0x43, 0xbe, 0xe2, 0xa4, 0x1e, 0x3f, 
    0xa3, 0xce, 0x14, 0x3d, 0xf9, 0x50, 0x6c, 0x3d, 0x4d, 0x78, 0x5f, 0x3d, 
    0xf7, 0x81, 0x44, 0x3c, 0x21, 0xf9, 0x05, 0x3e, 0x22, 0x60, 0xac, 0x3d, 
    0x93, 0x24, 0x6f, 0x3d, 0x23, 0x91, 0x94, 0x3d, 0x36, 0x25, 0x04, 0xbd, 
    0x2c, 0xf2, 0x2c, 0x3e, 0x90, 0x7c, 0xdb, 0x3d, 0xe9, 0x7e, 0x2d, 0x3d, 
    0x85, 0x9d, 0xb9, 0xbe, 0x82, 0x04, 0x0e, 0xbc, 0x04, 0x1c, 0xfe, 0x3d, 
    0x51, 0xd4, 0x7e, 0x3d, 0xf9, 0x31, 0xc4, 0xbc, 0x1a, 0xc9, 0x18, 0x3e, 
    0xf1, 0x8a, 0xe6, 0x3e, 0x5c, 0xe7, 0xc2, 0x3e, 0x53, 0x16, 0x4a, 0xbd, 
    0x97, 0x70, 0xa2, 0xbe, 0x10, 0xba, 0x18, 0xbe, 0x47, 0x82, 0x0a, 0xbd, 
    0x7a, 0x21, 0xa8, 0xbd, 0xfc, 0x36, 0x13, 0x3e, 0xcf, 0x3c, 0x55, 0xbe, 
    0x39, 0xd1, 0x70, 0xbd, 0xb5, 0x93, 0xec, 0x3e, 0x25, 0x98, 0x82, 0xbe, 
    0x6f, 0xfe, 0xb2, 0xbc, 0x7f, 0x9c, 0x37, 0x3e, 0xe5, 0x2f, 0x94, 0xbd, 
    0xa6, 0x90, 0x96, 0xbd, 0x1b, 0xfb, 0x42, 0xbe, 0xaf, 0xb8, 0x8c, 0x3e, 
    0x06, 0xa6, 0xa0, 0x3d, 0xb2, 0x1f, 0x98, 0xbe, 0x84, 0xc8, 0x47, 0xbe, 
    0xd6, 0xbb, 0xb0, 0x3e, 0x20, 0x96, 0x06, 0x3e, 0xd4, 0x72, 0x10, 0x3e, 
    0xb3, 0xac, 0x76, 0xbe, 0x86, 0xea, 0x60, 0xbf, 0x05, 0x10, 0xa5, 0xbe, 
    0xe3, 0xe9, 0x4b, 0xbe, 0x25, 0x54, 0xe1, 0xbd, 0xb3, 0x13, 0x92, 0xbd, 
    0x0f, 0x8e, 0x09, 0x3e, 0xa5, 0xbc, 0x32, 0xbe, 0x6c, 0xa2, 0x99, 0x3f, 
    0x98, 0x1a, 0xe1, 0xbe, 0x50, 0xc1, 0x5e, 0xbe, 0x6d, 0x19, 0xfa, 0xbd, 
    0x97, 0x3c, 0xb4, 0xbe, 0xbb, 0x56, 0x61, 0x3e, 0x78, 0x1c, 0xf0, 0xbe, 
    0x70, 0x7d, 0x90, 0x3e, 0x6d, 0xdf, 0x81, 0xbe, 0x2b, 0x4a, 0xee, 0xbd, 
    0xd6, 0x68, 0x12, 0x3d, 0x94, 0x48, 0xaf, 0xbe, 0xe8, 0xf1, 0x0e, 0x3a, 
    0x6d, 0x03, 0xd1, 0xbd, 0x3b, 0x3c, 0x2a, 0x3e, 0x6f, 0x91, 0xcc, 0xbe, 
    0x74, 0x1c, 0xbf, 0x3d, 0x2b, 0x2b, 0x24, 0xbe, 0x6f, 0x35, 0x12, 0xbd, 
    0xb8, 0xb9, 0xe0, 0x3d, 0xd3, 0x66, 0x5a, 0xbf, 0xf5, 0x86, 0x2c, 0xbe, 
    0xec, 0xc0, 0xe5, 0xbd, 0x47, 0x5e, 0x9b, 0xbe, 0xa3, 0x17, 0xfb, 0xbd, 
    0xae, 0x87, 0x63, 0x3e, 0xa8, 0x35, 0xb6, 0xbe, 0xfb, 0xe1, 0x1a, 0xbd, 
    0xd9, 0x67, 0x4c, 0x3c, 0x0b, 0x96, 0x35, 0x3d, 0xef, 0xa1, 0x43, 0xbe, 
    0x16, 0x31, 0xb6, 0x3e, 0xeb, 0x70, 0x95, 0x3d, 0x27, 0x61, 0xfa, 0x3d, 
    0xda, 0x7e, 0xba, 0x3e, 0x9f, 0x4a, 0x13, 0x3e, 0xb9, 0xa8, 0x35, 0x3c, 
    0x87, 0x00, 0x0b, 0xbe, 0x26, 0x65, 0x17, 0xbf, 0x58, 0xbf, 0xd3, 0x3d, 
    0x4a, 0xec, 0xd6, 0xbd, 0x4e, 0xe8, 0x93, 0x3d, 0xc8, 0x46, 0x78, 0x3d, 
    0x6e, 0x88, 0x01, 0xbe, 0x8f, 0x11, 0x57, 0xbe, 0x98, 0x83, 0x4a, 0xbe, 
    0x12, 0x46, 0x57, 0x3e, 0x31, 0x99, 0xb7, 0x3e, 0x40, 0x9d, 0xef, 0x3d, 
    0xc9, 0x17, 0x2f, 0x3d, 0x2e, 0x78, 0xfd, 0xbe, 0xd8, 0x44, 0x21, 0x3e, 
    0x12, 0x57, 0x6a, 0xbd, 0x04, 0xa1, 0xb0, 0x3e, 0xfc, 0x32, 0xab, 0xbe, 
    0xdc, 0x3d, 0x86, 0x3d, 0xce, 0xcf, 0xf5, 0xbe, 0xac, 0x1b, 0x78, 0xbe, 
    0xaa, 0x58, 0xc1, 0x3e, 0x2b, 0xf6, 0xd5, 0xbd, 0x3e, 0x01, 0x5b, 0x3c, 
    0xec, 0x6b, 0x07, 0x3e, 0x22, 0xab, 0x28, 0xbc, 0x4a, 0xbc, 0xbe, 0xbe, 
    0x0e, 0x15, 0x17, 0x3e, 0xf1, 0x76, 0x78, 0xbe, 0x8d, 0xc6, 0x0f, 0xbe, 
    0x78, 0x32, 0xaf, 0xbb, 0x5f, 0xb0, 0x98, 0xbe, 0x5f, 0x71, 0x25, 0x3f, 
    0x7c, 0xea, 0x8e, 0xbe, 0x6d, 0x19, 0x13, 0x3e, 0xc3, 0x8e, 0xc7, 0xbe, 
    0xc5, 0x43, 0x89, 0x3e, 0xf0, 0x58, 0x17, 0xbe, 0x65, 0x4c, 0xb4, 0x3c, 
    0x41, 0xcf, 0x8b, 0xbd, 0x15, 0x10, 0x03, 0xbe, 0x0a, 0xdf, 0x38, 0x3e, 
    0x46, 0x0b, 0xa3, 0xbd, 0x65, 0x76, 0x3f, 0x3e, 0xa8, 0xf1, 0xa3, 0xbe, 
    0x0c, 0x21, 0xa4, 0x3e, 0xea, 0x9e, 0x3d, 0x3b, 0x0b, 0x49, 0x25, 0xbe, 
    0x48, 0x56, 0x60, 0x3e, 0x67, 0xe5, 0xd1, 0xbe, 0x3d, 0x05, 0x43, 0xbe, 
    0xa3, 0x7e, 0x58, 0x3e, 0x55, 0x03, 0x09, 0x3e, 0x50, 0xba, 0xa6, 0x3e, 
    0x73, 0x09, 0x1c, 0xbe, 0x00, 0x57, 0xec, 0xbe, 0x3c, 0x54, 0x17, 0xbe, 
    0x57, 0xfb, 0x16, 0x3d, 0x7f, 0x47, 0x43, 0xbe, 0x29, 0x08, 0x2f, 0xbe, 
    0xef, 0x53, 0x9f, 0x3e, 0x21, 0xaa, 0x47, 0x3e, 0x45, 0xed, 0x98, 0x3e, 
    0x23, 0x25, 0xea, 0xbe, 0x4e, 0x87, 0x05, 0xbc, 0xcf, 0x84, 0x86, 0xba, 
    0x94, 0x7d, 0xec, 0x3c, 0x8c, 0xcd, 0xc8, 0xbe, 0xea, 0xa0, 0x65, 0xbe, 
    0xfa, 0x2d, 0xc3, 0x3d, 0x70, 0xc5, 0x9d, 0x3d, 0x5a, 0xe7, 0xb3, 0xbb, 
    0xcd, 0x26, 0x54, 0x3e, 0x1e, 0xaa, 0x26, 0xbe, 0x27, 0xc8, 0x9e, 0x3e, 
    0xd5, 0xfe, 0x84, 0xbe, 0xc8, 0xa0, 0x32, 0xbe, 0x12, 0x6d, 0x5d, 0x3e, 
    0x7d, 0x39, 0xc8, 0x3d, 0x4a, 0x0b, 0x0e, 0x3e, 0xa5, 0xcd, 0xed, 0xbd, 
    0x38, 0x2c, 0x01, 0xbe, 0x45, 0xbd, 0x04, 0x3d, 0x6a, 0xcf, 0x5e, 0xbe, 
    0x1b, 0x57, 0x23, 0xbf, 0x4e, 0x65, 0xed, 0x3d, 0xff, 0xc3, 0xdd, 0x3d, 
    0x95, 0xc7, 0xb8, 0xbd, 0x28, 0x6b, 0x3d, 0x3d, 0x48, 0xc0, 0xe0, 0xbd, 
    0x9c, 0x4d, 0x52, 0xbe, 0x6a, 0x44, 0x7a, 0x3e, 0x52, 0x26, 0x90, 0xbe, 
    0x3c, 0x1d, 0x91, 0xbd, 0x1a, 0x97, 0xa5, 0x3e, 0x07, 0x9a, 0xf9, 0x3e, 
    0xd5, 0x4e, 0xa0, 0x3e, 0xfd, 0x6f, 0x8a, 0xbe, 0x0d, 0xcf, 0x47, 0xbe, 
    0xa9, 0x65, 0xfc, 0xbd, 0xec, 0xd4, 0xa0, 0xbd, 0x25, 0x85, 0xa6, 0x3d, 
    0xa7, 0xc2, 0xc8, 0x3e, 0x08, 0xbd, 0x82, 0x3e, 0xe3, 0x86, 0xaa, 0xbe, 
    0xf9, 0x8b, 0x0e, 0xbe, 0x8c, 0x55, 0x92, 0xbe, 0x9e, 0x77, 0x4b, 0xbc, 
    0x51, 0x45, 0x70, 0x3e, 0x39, 0x30, 0xc3, 0x3e, 0x8f, 0xeb, 0x9c, 0xbd, 
    0x6b, 0x63, 0x59, 0xbe, 0xd7, 0x31, 0x86, 0x3b, 0x6f, 0xa0, 0x15, 0xbe, 
    0x64, 0x13, 0x53, 0x3d, 0xe4, 0xf8, 0x1a, 0xbe, 0xdd, 0x87, 0x20, 0xbd, 
    0x9c, 0xc3, 0xd2, 0x3c, 0x62, 0x27, 0xd4, 0x3c, 0x75, 0x64, 0x2b, 0x3c, 
    0x9d, 0xfa, 0xc9, 0xbc, 0xa6, 0xbf, 0x98, 0x3e, 0xb3, 0x90, 0xa7, 0x3e, 
    0x50, 0x3a, 0xbc, 0x3e, 0xbf, 0xad, 0x39, 0x3e, 0xf4, 0x4b, 0xc5, 0x3d, 
    0xb1, 0x39, 0x37, 0x3e, 0x85, 0x0b, 0x70, 0xbe, 0x7c, 0x2e, 0x4b, 0x3c, 
    0x2f, 0x92, 0xef, 0x3e, 0x58, 0x10, 0xf5, 0x3e, 0x78, 0xbc, 0xd2, 0x3e, 
    0xfb, 0x88, 0xee, 0x3d, 0x5d, 0xbc, 0xeb, 0x3e, 0x64, 0x08, 0xc5, 0x3d, 
    0x55, 0x58, 0xa3, 0x3e, 0x2d, 0xc5, 0x15, 0x3c, 0x65, 0x66, 0xa1, 0x3e, 
    0x81, 0x9e, 0x44, 0xbe, 0x76, 0x30, 0xe3, 0xbd, 0x04, 0x72, 0x98, 0x3e, 
    0xb1, 0x67, 0x72, 0x3d, 0x3c, 0xf2, 0xbb, 0x3d, 0x91, 0x60, 0x74, 0x3e, 
    0x19, 0x36, 0x93, 0xbe, 0xf8, 0xd4, 0xf0, 0x3d, 0x3d, 0x1d, 0x0e, 0xbf, 
    0x28, 0x9c, 0x5a, 0x3e, 0xeb, 0x4e, 0x98, 0x3d, 0x2e, 0x26, 0xcf, 0xbe, 
    0xa6, 0xaa, 0x2b, 0x3e, 0x71, 0x3b, 0xd6, 0x3d, 0x1b, 0xf4, 0x22, 0xbc, 
    0xbc, 0xb6, 0x64, 0x3d, 0xe1, 0xaa, 0x86, 0xbd, 0x47, 0x79, 0x08, 0x3e, 
    0x26, 0x01, 0x13, 0xbe, 0xac, 0x6e, 0x77, 0x3e, 0x8d, 0xbf, 0x7e, 0x3c, 
    0x38, 0x1d, 0x79, 0x3e, 0x4b, 0xd7, 0x25, 0x3d, 0x21, 0x53, 0x72, 0x3d, 
    0x4e, 0x51, 0x40, 0xbc, 0xe6, 0x40, 0x16, 0xbe, 0xd6, 0x9f, 0x92, 0x3e, 
    0x5c, 0x35, 0x85, 0x3e, 0x44, 0x40, 0xa0, 0x3d, 0x5a, 0xbc, 0xbd, 0xbc, 
    0x27, 0x7a, 0x75, 0x3e, 0x4b, 0x9a, 0x8f, 0xbd, 0x98, 0x1d, 0x0f, 0xbd, 
    0x72, 0xdd, 0xf2, 0xbe, 0xee, 0x13, 0xbb, 0x3e, 0xb2, 0xa8, 0x1a, 0x3e, 
    0x67, 0x8b, 0x2f, 0x3e, 0x7f, 0x85, 0xf1, 0x3e, 0x6b, 0x77, 0xa0, 0xbe, 
    0x67, 0x9b, 0xa7, 0x3e, 0xb0, 0x7f, 0x4c, 0xbe, 0x79, 0xa9, 0x54, 0xbd, 
    0x46, 0x0e, 0xa2, 0xbe, 0x9f, 0xfd, 0x2d, 0x3e, 0x23, 0x92, 0x1b, 0x3e, 
    0xf0, 0x86, 0x81, 0x3d, 0xe6, 0x29, 0x1e, 0xbf, 0xab, 0xa0, 0x07, 0x3e, 
    0x0f, 0x00, 0xed, 0x3d, 0x62, 0x1a, 0x78, 0x3e, 0xb9, 0x24, 0x5a, 0x3d, 
    0x6c, 0xe9, 0xb7, 0x3c, 0x43, 0x09, 0x91, 0x3e, 0xfd, 0xa2, 0x77, 0xbf, 
    0x51, 0x1c, 0x00, 0x3e, 0xe0, 0xe2, 0xee, 0xbd, 0x8e, 0xae, 0xc9, 0x3d, 
    0xa6, 0x91, 0xa5, 0x3d, 0x01, 0xfd, 0x1a, 0xbd, 0x40, 0x4e, 0xad, 0x3e, 
    0x7d, 0x67, 0xa4, 0xbd, 0x70, 0x8c, 0x32, 0x3d, 0xef, 0x9c, 0xbd, 0x3d, 
    0x3e, 0xbc, 0xda, 0xbc, 0x7f, 0x53, 0x04, 0x3d, 0x0e, 0x58, 0x42, 0xbe, 
    0x94, 0xe0, 0x22, 0xbe, 0x61, 0x8a, 0x22, 0xbe, 0x8b, 0xf9, 0x84, 0xbe, 
    0xad, 0xc7, 0xbb, 0xbd, 0xfa, 0xd7, 0x59, 0xbd, 0x96, 0x2e, 0xd2, 0xbd, 
    0xb9, 0xb1, 0x81, 0xbd, 0x97, 0xa2, 0x09, 0xbd, 0xbe, 0x00, 0xcd, 0x3c, 
    0x43, 0xa5, 0x6f, 0xbd, 0x12, 0xb5, 0x0d, 0x3a, 0x6d, 0xf6, 0xcf, 0x3d, 
    0xc2, 0x30, 0xe6, 0xbe, 0xa9, 0x21, 0x68, 0x3e, 0xa8, 0xe7, 0x48, 0xbd, 
    0x20, 0x1b, 0x3d, 0xbe, 0xe9, 0xdb, 0x4a, 0x3e, 0x3a, 0xa1, 0x42, 0xbe, 
    0x85, 0xdd, 0x50, 0x3e, 0x47, 0xbf, 0xc9, 0x3e, 0xd5, 0x00, 0x5f, 0x3d, 
    0x7a, 0x2e, 0x08, 0x3e, 0x72, 0xf2, 0x06, 0x3d, 0x9f, 0x5e, 0xe1, 0x3d, 
    0x98, 0x73, 0x30, 0xbe, 0x19, 0xe4, 0x7a, 0xbc, 0xf0, 0xa2, 0x2d, 0x3e, 
    0xf8, 0x34, 0x4f, 0x3d, 0xd3, 0x6c, 0x97, 0xbd, 0xf4, 0x78, 0x0a, 0x3c, 
    0xcd, 0xdc, 0xfb, 0x3d, 0xb7, 0x06, 0x82, 0x3e, 0xa8, 0x9e, 0x33, 0x3f, 
    0xf6, 0xdd, 0x72, 0xbe, 0xe6, 0xfb, 0xd4, 0xbd, 0xac, 0x6e, 0xba, 0x3d, 
    0x36, 0x67, 0xd7, 0xbd, 0xb6, 0x56, 0x34, 0x3e, 0x23, 0x81, 0x8c, 0x3e, 
    0xb5, 0x6c, 0x8f, 0x3c, 0x90, 0x2b, 0xa4, 0xbd, 0x8e, 0x14, 0xdf, 0x3d, 
    0x9a, 0xae, 0x8b, 0x3e, 0xab, 0x8a, 0xc9, 0x3e, 0x7a, 0xdb, 0xb4, 0xbc, 
    0x5c, 0x6f, 0x6d, 0xb9, 0x8f, 0x00, 0x86, 0xbe, 0x64, 0x7c, 0x91, 0xbe, 
    0xe1, 0x99, 0x00, 0xbe, 0x75, 0xd6, 0xc7, 0xbe, 0xd6, 0xf0, 0xa8, 0xbe, 
    0xb2, 0x4e, 0x9b, 0xbe, 0x51, 0xcf, 0xb9, 0x3e, 0x65, 0x1c, 0x51, 0xbd, 
    0xbf, 0xd8, 0x8c, 0xbe, 0x68, 0x6b, 0x24, 0x3e, 0x01, 0xbf, 0x1a, 0x3e, 
    0xac, 0xe5, 0x95, 0xbd, 0x39, 0x2b, 0x3d, 0xbf, 0x52, 0xe3, 0x0c, 0xbf, 
    0xf5, 0x43, 0x82, 0xbd, 0xb7, 0x09, 0xa0, 0x3b, 0x43, 0xcc, 0x70, 0x3c, 
    0x93, 0xfd, 0x33, 0xbd, 0x25, 0x4d, 0xa5, 0xbe, 0xe9, 0x13, 0x15, 0x3e, 
    0x56, 0x7d, 0x0b, 0x3d, 0xfa, 0xf0, 0x40, 0xbe, 0xa8, 0x58, 0x96, 0xbe, 
    0x09, 0x0d, 0xc0, 0xbe, 0x43, 0xd0, 0x36, 0x3e, 0xee, 0x4a, 0xfc, 0xbc, 
    0x3b, 0x25, 0x35, 0x3e, 0xd9, 0x10, 0xdb, 0x3d, 0x29, 0x99, 0x66, 0xbe, 
    0x8b, 0xb8, 0x88, 0x3e, 0x69, 0x97, 0xcb, 0xbd, 0x0a, 0x99, 0x78, 0xbe, 
    0x25, 0xf1, 0x67, 0x3e, 0x56, 0xb3, 0xcc, 0x3d, 0x55, 0x26, 0xa7, 0x3e, 
    0x61, 0x89, 0x54, 0x3e, 0xef, 0xcf, 0x53, 0x3c, 0xbc, 0x7d, 0xc8, 0x3d, 
    0xb9, 0x1a, 0x83, 0xbc, 0x72, 0xeb, 0xfb, 0xbd, 0x25, 0x30, 0xce, 0xbe, 
    0xa9, 0x98, 0xba, 0x3c, 0xc1, 0xbc, 0x0d, 0xbd, 0xd7, 0x4f, 0x04, 0x3e, 
    0xeb, 0x68, 0x6a, 0x3d, 0x7b, 0xd2, 0xaf, 0xbe, 0x09, 0x1e, 0xb4, 0xbd, 
    0x0e, 0x5f, 0x10, 0xbd, 0x10, 0x4a, 0x38, 0x3e, 0xfa, 0xdb, 0x4d, 0xbe, 
    0xd9, 0x9f, 0x57, 0xbf, 0xb6, 0x80, 0xc1, 0x3d, 0x41, 0xb1, 0x87, 0xbe, 
    0x8b, 0x31, 0x73, 0xbe, 0xda, 0x86, 0xb9, 0x3d, 0x3b, 0x56, 0xdf, 0x3e, 
    0xcb, 0xc3, 0x82, 0xbe, 0x4c, 0x62, 0x24, 0x3e, 0xf1, 0xa8, 0x99, 0xbe, 
    0xb2, 0xdd, 0x54, 0xbe, 0x10, 0xbf, 0x97, 0xbe, 0xca, 0xcc, 0x37, 0xbd, 
    0x55, 0x39, 0x24, 0xbf, 0x4c, 0x43, 0x9e, 0x3e, 0xf3, 0xa7, 0x20, 0xbe, 
    0xf0, 0x1a, 0x36, 0x3e, 0x5c, 0x83, 0x8c, 0xbd, 0xb1, 0x77, 0xbb, 0x3e, 
    0x01, 0xa0, 0xf1, 0x3d, 0x39, 0xe0, 0x96, 0x3e, 0x20, 0x75, 0xc1, 0xbe, 
    0xb9, 0x59, 0x3b, 0xbe, 0x68, 0x7e, 0xad, 0xbd, 0x58, 0x17, 0x4f, 0x3d, 
    0xd2, 0xb4, 0xb2, 0x3c, 0x56, 0x0f, 0xb1, 0xbe, 0x33, 0x46, 0xc0, 0xbe, 
    0xc2, 0x59, 0xd0, 0xbe, 0x17, 0xc2, 0x2a, 0xbe, 0x5f, 0x9b, 0x59, 0x3e, 
    0xe7, 0x24, 0xd6, 0x3e, 0x34, 0xe9, 0x46, 0x3d, 0x08, 0xa2, 0x81, 0x3e, 
    0xcf, 0xc0, 0x6a, 0xbe, 0x32, 0xa6, 0x4e, 0xbe, 0x8b, 0x45, 0x8b, 0xbd, 
    0x32, 0x3b, 0x30, 0xbe, 0x6a, 0x14, 0x71, 0x39, 0xf2, 0xab, 0x16, 0xbf, 
    0xbe, 0x54, 0xa1, 0xbe, 0xfd, 0xc3, 0xca, 0xbd, 0xe1, 0x4c, 0x5a, 0x3e, 
    0xf2, 0xc7, 0x05, 0x3e, 0x08, 0x3d, 0x4f, 0x3e, 0xfb, 0x17, 0xd0, 0x3d, 
    0x14, 0x65, 0x7a, 0xbe, 0x11, 0x5b, 0x9d, 0xbe, 0x4c, 0x78, 0xdb, 0x3d, 
    0x6d, 0x66, 0x09, 0xbe, 0x28, 0x20, 0xb0, 0xbd, 0xae, 0x6a, 0xc0, 0xbe, 
    0xc7, 0xd4, 0x62, 0xbd, 0x02, 0xbf, 0x2f, 0xbe, 0x5e, 0x37, 0x25, 0x3e, 
    0x56, 0x5d, 0xd7, 0xbd, 0x0e, 0x99, 0x83, 0x3e, 0x4c, 0x5a, 0xe3, 0x3d, 
    0x46, 0x52, 0x58, 0xbb, 0xd6, 0x49, 0xc2, 0x3c, 0x0c, 0x4f, 0x8b, 0x3e, 
    0xef, 0xba, 0xfd, 0x3e, 0x7e, 0x88, 0x3a, 0xbe, 0x06, 0xf0, 0x9b, 0x3d, 
    0x40, 0x38, 0x02, 0x3e, 0x20, 0xcf, 0xb0, 0xbd, 0xd7, 0x2b, 0x12, 0xbe, 
    0x1d, 0x90, 0x96, 0x3d, 0x37, 0x84, 0xad, 0x3e, 0x56, 0xe2, 0x07, 0x3f, 
    0xe2, 0x6c, 0x2c, 0xbe, 0x82, 0x14, 0xd7, 0x3e, 0xea, 0xbe, 0x3a, 0x3e, 
    0x0d, 0x3f, 0x8e, 0xbe, 0xad, 0x34, 0x57, 0x3e, 0x2b, 0xc7, 0x98, 0xbe, 
    0x53, 0x8e, 0x4f, 0xbd, 0x7e, 0x95, 0x5c, 0xbd, 0x52, 0x2d, 0x3f, 0x3e, 
    0x21, 0xfe, 0x21, 0x3e, 0x54, 0x4b, 0x5b, 0xbd, 0xb2, 0xcc, 0x17, 0xbd, 
    0x1e, 0x2c, 0xa2, 0x3d, 0xf6, 0xd6, 0xae, 0xbd, 0xac, 0xbe, 0x75, 0x3e, 
    0xc5, 0x52, 0x4e, 0x3e, 0x92, 0x41, 0x9a, 0x3d, 0xb5, 0x1a, 0xaa, 0xbd, 
    0xca, 0xca, 0x66, 0xbd, 0xb3, 0x81, 0x98, 0x3e, 0x6a, 0x47, 0xb5, 0xbd, 
    0x4d, 0x0c, 0x1e, 0xbe, 0x31, 0xe2, 0x85, 0x3d, 0xa2, 0x8d, 0xe4, 0xbd, 
    0xe8, 0x6b, 0x59, 0x3d, 0xa7, 0xd5, 0xaa, 0xbe, 0x76, 0x36, 0x4a, 0xbd, 
    0x27, 0xed, 0x91, 0x3e, 0xcf, 0x4d, 0xe7, 0xbc, 0x51, 0x4b, 0x23, 0xbe, 
    0xce, 0x61, 0xcb, 0xbc, 0xce, 0x0e, 0xc2, 0x3e, 0xf6, 0x5f, 0x3a, 0xbd, 
    0xd4, 0x37, 0x4e, 0xbe, 0xaf, 0xf8, 0x80, 0x3d, 0x5f, 0xc9, 0xef, 0x3e, 
    0xe8, 0x39, 0x07, 0xbd, 0xa5, 0xa8, 0x15, 0xbd, 0x14, 0xff, 0x34, 0xbf, 
    0x30, 0xc9, 0x4f, 0xbe, 0x7e, 0xaa, 0x07, 0x3e, 0xcf, 0x6a, 0xb7, 0x3d, 
    0x54, 0x4b, 0x97, 0xbe, 0xcb, 0x7a, 0x1e, 0xbe, 0x36, 0x01, 0x3c, 0x3e, 
    0x31, 0x9f, 0xf1, 0xbe, 0x55, 0xb8, 0x60, 0xbe, 0x39, 0xb2, 0xa9, 0xbe, 
    0x02, 0x57, 0x34, 0xbe, 0xd3, 0x60, 0x13, 0xbe, 0x83, 0x59, 0xad, 0xbe, 
    0xc7, 0x83, 0x29, 0xbe, 0xc7, 0x05, 0x65, 0xbe, 0x40, 0x42, 0xb9, 0xbe, 
    0x6f, 0xc3, 0x97, 0xbe, 0x21, 0x24, 0x83, 0xbc, 0x85, 0xf4, 0x6b, 0x3e, 
    0xf4, 0xf3, 0x7e, 0x3e, 0x57, 0x0e, 0x37, 0xbe, 0xa0, 0xcf, 0xb6, 0x3d, 
    0x04, 0xfa, 0x9a, 0x3e, 0x5e, 0x8c, 0x54, 0x3e, 0x73, 0xc3, 0xd5, 0x3c, 
    0x03, 0x94, 0x7a, 0x3d, 0x6e, 0x36, 0xad, 0xbe, 0x3e, 0x1b, 0x3e, 0x3f, 
    0xae, 0xb3, 0x15, 0x3e, 0xaf, 0x4a, 0x02, 0xbf, 0x70, 0xfc, 0x51, 0x3e, 
    0x26, 0x12, 0x31, 0x3e, 0x81, 0xe9, 0xac, 0x3e, 0x32, 0x4f, 0x29, 0x3e, 
    0x93, 0xbc, 0xb9, 0x3d, 0x65, 0x07, 0xb1, 0x3d, 0x5c, 0xff, 0x68, 0x3e, 
    0x62, 0xe0, 0xce, 0x3e, 0x0a, 0x0a, 0xd7, 0x3d, 0x9f, 0x18, 0x2f, 0xbe, 
    0x98, 0x22, 0x8b, 0x3e, 0x4a, 0x1a, 0xc1, 0x3e, 0xc3, 0x8e, 0x82, 0x3e, 
    0x11, 0x20, 0x02, 0x3e, 0x95, 0xc5, 0xda, 0x3e, 0xea, 0x33, 0x16, 0x3e, 
    0x05, 0xd5, 0x85, 0xbc, 0x97, 0x63, 0xdf, 0x3c, 0x4b, 0xf3, 0xbe, 0x3d, 
    0x00, 0x9e, 0x96, 0xbd, 0xd4, 0xc0, 0xe8, 0xbe, 0x22, 0xa1, 0x91, 0x3c, 
    0x52, 0xd7, 0x5b, 0x3e, 0xbb, 0x99, 0x5f, 0x3d, 0x7b, 0x8f, 0x66, 0x3c, 
    0x45, 0x54, 0x15, 0x3e, 0x17, 0x90, 0xa6, 0x3e, 0xac, 0xb0, 0x5c, 0xbe, 
    0x30, 0xdd, 0x0e, 0xbe, 0xc2, 0xc4, 0x9e, 0xbe, 0xd3, 0xdf, 0xae, 0x3d, 
    0x96, 0x74, 0xd1, 0x3d, 0x36, 0x52, 0x79, 0x3d, 0x61, 0xd0, 0x89, 0xbe, 
    0x6b, 0x73, 0x1f, 0xbd, 0xca, 0x39, 0x9a, 0x3e, 0xe5, 0xd3, 0xb4, 0x3d, 
    0xa5, 0x90, 0x2c, 0x3c, 0xea, 0xdb, 0x4e, 0xbe, 0xd5, 0x58, 0xc3, 0x3d, 
    0x0a, 0xc9, 0x2e, 0x3e, 0x8e, 0xbf, 0x4e, 0xbe, 0x33, 0x9c, 0x24, 0xbe, 
    0x1e, 0x90, 0xbc, 0x3e, 0x03, 0x68, 0x66, 0xbc, 0xd6, 0x1a, 0xb1, 0xbe, 
    0xa2, 0x23, 0xcb, 0x3d, 0x53, 0x00, 0xca, 0xbd, 0xc0, 0x22, 0x87, 0x3d, 
    0x89, 0x2f, 0x1e, 0xbf, 0xb7, 0x2d, 0x4b, 0xbd, 0x3c, 0x22, 0xbd, 0xbc, 
    0xc9, 0x90, 0xac, 0x3d, 0x08, 0x86, 0x21, 0xbd, 0xc0, 0x8c, 0x70, 0xbe, 
    0xb8, 0x64, 0x86, 0xbe, 0x70, 0x75, 0x10, 0xbe, 0xdf, 0x60, 0x5e, 0x3e, 
    0xd5, 0xdd, 0x6d, 0xbe, 0xeb, 0xed, 0x9a, 0x3d, 0xa8, 0xfc, 0x5d, 0xbe, 
    0xd9, 0x8b, 0x35, 0x3e, 0xc9, 0x84, 0x0b, 0x3d, 0x9b, 0xb1, 0x0f, 0x3e, 
    0xe9, 0xba, 0xfd, 0x3e, 0x4d, 0xec, 0x2e, 0x3e, 0x16, 0x58, 0x15, 0x3f, 
    0x9a, 0x03, 0x29, 0x3f, 0x81, 0x43, 0x81, 0xbd, 0xe1, 0x67, 0xa6, 0x3d, 
    0x02, 0x85, 0xe2, 0xbd, 0x81, 0x2d, 0x9b, 0x3e, 0x34, 0x98, 0xcd, 0xbd, 
    0xff, 0x2f, 0x0c, 0x3e, 0x59, 0xdf, 0xad, 0xbd, 0x41, 0xf0, 0xab, 0xbe, 
    0x27, 0x9a, 0x50, 0x3d, 0x8a, 0xfa, 0x18, 0xbf, 0x3a, 0x9b, 0x17, 0x3e, 
    0xe4, 0x28, 0xb8, 0x3e, 0x68, 0x33, 0x05, 0x3e, 0x9a, 0x5e, 0x23, 0xbd, 
    0xf0, 0x6f, 0xcb, 0x3d, 0x2c, 0xb1, 0xae, 0xbb, 0x7d, 0xe3, 0x3d, 0x3e, 
    0x77, 0x24, 0x2c, 0x3f, 0x7a, 0x02, 0x45, 0xbe, 0xa6, 0x81, 0xc8, 0x3d, 
    0x5a, 0x46, 0x31, 0xbe, 0xa1, 0x52, 0xc3, 0x3e, 0x12, 0x7f, 0xed, 0x3e, 
    0xbc, 0xe1, 0xf0, 0x3d, 0xcd, 0xd5, 0x12, 0x3e, 0x8b, 0x29, 0xf2, 0x3d, 
    0x55, 0x8b, 0x3a, 0x3d, 0x7c, 0x20, 0x95, 0xbd, 0xa0, 0xe9, 0x1c, 0xbf, 
    0xc5, 0x0c, 0xf5, 0x3d, 0xc0, 0x0c, 0x8d, 0x3d, 0x46, 0x6a, 0x44, 0x3e, 
    0x77, 0xef, 0x08, 0xbe, 0x87, 0x21, 0x44, 0x3e, 0x5f, 0x91, 0xa2, 0x3d, 
    0x9b, 0x63, 0x60, 0x3e, 0x70, 0x4f, 0x4c, 0xbd, 0xa4, 0xac, 0x21, 0xbe, 
    0x24, 0xfa, 0xeb, 0xbd, 0xe6, 0xb5, 0xca, 0x3d, 0x19, 0xc3, 0xa3, 0xbd, 
    0x56, 0x0b, 0x9c, 0x3e, 0xfa, 0x5e, 0xcc, 0xbd, 0x06, 0xc4, 0x56, 0x3d, 
    0xd6, 0x17, 0xc3, 0xbd, 0xa4, 0xb0, 0xd7, 0x3e, 0x1b, 0x26, 0x04, 0x3e, 
    0x25, 0x01, 0x66, 0xbe, 0xcd, 0x69, 0x21, 0x3d, 0x4c, 0x2c, 0xb4, 0xbd, 
    0xdd, 0x87, 0x88, 0xbe, 0x67, 0x04, 0xf0, 0x3d, 0x67, 0x08, 0x59, 0x3e, 
    0xa3, 0x6d, 0x28, 0xbe, 0x20, 0x74, 0x04, 0x3e, 0xd9, 0x09, 0x2d, 0xbe, 
    0x24, 0xfd, 0x1b, 0x3e, 0x0a, 0x5f, 0xaa, 0xbe, 0x6c, 0x1c, 0xe3, 0xbc, 
    0x03, 0x5c, 0x39, 0x3d, 0xdb, 0x28, 0x6b, 0xbe, 0xeb, 0xe7, 0xd7, 0x3d, 
    0x9b, 0xea, 0x85, 0xbd, 0xdc, 0x21, 0x51, 0x3e, 0x93, 0xae, 0x2e, 0x3c, 
    0x8a, 0x68, 0xa1, 0xbd, 0x4d, 0xa6, 0x14, 0xbd, 0x4b, 0x6f, 0x0f, 0x3c, 
    0xd2, 0x2f, 0x30, 0x3e, 0xf0, 0x12, 0xda, 0x3d, 0x12, 0xe0, 0x19, 0xbd, 
    0x62, 0xae, 0x59, 0xbc, 0xee, 0x8a, 0xce, 0xbe, 0xd4, 0xf8, 0x0b, 0x3d, 
    0x78, 0x72, 0x4d, 0xbe, 0x3b, 0x0d, 0xac, 0xbe, 0x98, 0x00, 0xc0, 0xbd, 
    0x4b, 0xa6, 0x8b, 0x3e, 0x87, 0xb4, 0x20, 0xbe, 0x3a, 0xeb, 0xb3, 0xbd, 
    0xf4, 0x77, 0xdb, 0xbd, 0x74, 0xe8, 0xf7, 0x3d, 0x8b, 0x74, 0x52, 0xbe, 
    0x2c, 0x07, 0xe0, 0xbd, 0x50, 0x55, 0xbd, 0x3e, 0x36, 0x5b, 0x09, 0xbe, 
    0x91, 0x9e, 0x03, 0xbc, 0x9c, 0x18, 0xb0, 0x3e, 0x82, 0x8b, 0x9e, 0x3d, 
    0x10, 0x18, 0x52, 0xbf, 0xb5, 0xea, 0x63, 0xbe, 0x0c, 0x7d, 0x3d, 0x3e, 
    0x99, 0x87, 0x1a, 0x3e, 0xcf, 0x7f, 0x03, 0xbe, 0xb0, 0xd8, 0xe4, 0xbd, 
    0x00, 0x45, 0x82, 0x3e, 0xef, 0xf0, 0xd6, 0x3d, 0xf8, 0xd2, 0x2b, 0x3d, 
    0x8a, 0x27, 0x8b, 0x3e, 0x84, 0x45, 0x0b, 0x3e, 0xf6, 0x3f, 0xda, 0x3e, 
    0x1c, 0x59, 0xb2, 0x3c, 0x97, 0xc5, 0x01, 0x3d, 0xce, 0xc7, 0xbe, 0x3d, 
    0xb4, 0x4a, 0x1b, 0xbf, 0x3c, 0xb3, 0xa5, 0x3c, 0x6f, 0x5f, 0xe7, 0x3d, 
    0x09, 0x9a, 0x2f, 0xbd, 0x09, 0xb4, 0x5b, 0xbc, 0x76, 0xdf, 0x10, 0x3c, 
    0xe1, 0x90, 0x8f, 0x3e, 0xab, 0xb9, 0xad, 0x3e, 0x79, 0xd4, 0x38, 0xbe, 
    0xc5, 0xb1, 0x53, 0x3c, 0x82, 0x5f, 0x12, 0xbc, 0xec, 0xa7, 0x03, 0x3e, 
    0x85, 0xb7, 0x15, 0x3e, 0xa6, 0xa4, 0x65, 0x3e, 0x2e, 0xa4, 0x62, 0x3c, 
    0x03, 0x4d, 0x98, 0x3d, 0x1a, 0xec, 0x4c, 0xbd, 0xd1, 0x50, 0x83, 0x3e, 
    0x68, 0x77, 0x78, 0x3d, 0xd2, 0xf9, 0x0e, 0xbe, 0xe3, 0x39, 0xc6, 0x3b, 
    0xcb, 0x6c, 0x62, 0xbe, 0xf1, 0xa0, 0x9d, 0xbe, 0x37, 0x4b, 0x04, 0xbe, 
    0x7b, 0xdb, 0xb1, 0xbe, 0xe0, 0xe0, 0x7a, 0xbe, 0xb1, 0xad, 0x4d, 0x3c, 
    0xef, 0x2b, 0x26, 0xbe, 0xa7, 0x69, 0xaf, 0x3e, 0xed, 0x8a, 0x36, 0xbe, 
    0x67, 0xd8, 0x9b, 0xbc, 0xf2, 0x21, 0x17, 0x3e, 0x5f, 0x6b, 0x9c, 0xbd, 
    0xc7, 0x6d, 0x8e, 0x3d, 0x61, 0xbd, 0x2d, 0x3e, 0xd0, 0x5c, 0x81, 0x3e, 
    0x59, 0x19, 0xdf, 0x3c, 0x97, 0x70, 0x35, 0x3e, 0xae, 0xcf, 0xa5, 0xbd, 
    0xff, 0xe6, 0xe5, 0xbc, 0x46, 0xc4, 0x98, 0x3d, 0x6c, 0x53, 0x75, 0x3d, 
    0x74, 0xe9, 0x41, 0x3e, 0x97, 0xba, 0x10, 0x3d, 0x7f, 0x77, 0x74, 0x3e, 
    0x88, 0x22, 0xf6, 0x3e, 0x08, 0x0f, 0xde, 0xbc, 0x24, 0xaf, 0x49, 0x3c, 
    0xf6, 0x5e, 0xd1, 0xbc, 0x6f, 0x9f, 0x50, 0x3e, 0xe0, 0x1c, 0x7a, 0x3d, 
    0x7f, 0xf1, 0xb4, 0xbd, 0xc8, 0xba, 0x9b, 0xbd, 0x18, 0x12, 0x13, 0x3f, 
    0xad, 0x03, 0x45, 0x3e, 0x35, 0xd9, 0x89, 0xbd, 0x73, 0x0e, 0x2b, 0xbf, 
    0x7a, 0xd3, 0x01, 0xbf, 0x2a, 0xfd, 0xb6, 0x3e, 0xf3, 0x72, 0xbb, 0x3e, 
    0xe0, 0xbe, 0xc8, 0x3e, 0x82, 0x07, 0x9b, 0xbb, 0xab, 0xf4, 0x9d, 0x3a, 
    0x51, 0xe6, 0x89, 0xbd, 0x28, 0x0f, 0x37, 0xbe, 0x41, 0x80, 0x69, 0x3e, 
    0x79, 0x6c, 0xa6, 0xbe, 0x1e, 0x4d, 0xd5, 0xbe, 0x7e, 0x38, 0x8f, 0x3d, 
    0xa6, 0x04, 0x22, 0xbf, 0xff, 0xc9, 0x9b, 0xbd, 0x1b, 0xe9, 0xb6, 0xbd, 
    0x70, 0x3d, 0xee, 0xbe, 0xe9, 0x21, 0xff, 0xbd, 0x01, 0x87, 0x5a, 0x3d, 
    0x76, 0xc5, 0x20, 0x3e, 0x44, 0xfb, 0x17, 0x3e, 0x9c, 0x1b, 0xa9, 0xbe, 
    0x10, 0xd9, 0xf2, 0x3d, 0xe0, 0x0d, 0xf6, 0x3d, 0x1e, 0x27, 0xde, 0xbd, 
    0x30, 0x2c, 0x22, 0x3e, 0x7f, 0x7b, 0x2a, 0x3e, 0x26, 0xba, 0x14, 0xbf, 
    0xb0, 0xda, 0xb2, 0xbc, 0xbd, 0x0a, 0xee, 0xbd, 0x0b, 0x45, 0x71, 0xbe, 
    0x06, 0x5b, 0x3f, 0x3e, 0xd6, 0x3d, 0xfd, 0xbd, 0xf8, 0x1b, 0x3c, 0xbe, 
    0x52, 0xde, 0x41, 0xbe, 0xb1, 0x11, 0x45, 0xbd, 0xce, 0xba, 0x4d, 0x3e, 
    0xe9, 0xf6, 0x80, 0x3d, 0xef, 0x00, 0x67, 0xbe, 0x40, 0x6f, 0x0b, 0xbe, 
    0xaa, 0x3c, 0x27, 0x3e, 0x55, 0x13, 0x09, 0xbe, 0x1b, 0x40, 0x54, 0xbe, 
    0xe4, 0xdd, 0x27, 0xbe, 0x33, 0xf5, 0x2a, 0x3e, 0xb2, 0xa0, 0x6b, 0xbd, 
    0x1b, 0x58, 0x06, 0xba, 0x7b, 0xaf, 0x97, 0xbe, 0x01, 0x72, 0xff, 0x3c, 
    0x5c, 0x60, 0x64, 0x3e, 0x5e, 0x46, 0x1b, 0xbe, 0x3b, 0x7d, 0x2c, 0x3f, 
    0xd5, 0x98, 0x02, 0x3e, 0xb6, 0x5c, 0x0e, 0x3d, 0xae, 0x30, 0xd5, 0x3e, 
    0x24, 0xd1, 0xdb, 0xbd, 0x26, 0xf7, 0xf7, 0xbd, 0xff, 0x96, 0x59, 0x3e, 
    0x0c, 0xca, 0xa8, 0xbe, 0x0f, 0xec, 0x19, 0xbd, 0xae, 0x21, 0xdb, 0x3d, 
    0x64, 0x8d, 0x16, 0x3e, 0x67, 0xc0, 0x22, 0x3e, 0x58, 0xdb, 0xbe, 0x3d, 
    0x87, 0x6d, 0xa1, 0x3d, 0x9b, 0x6b, 0xa2, 0xbd, 0xaa, 0x73, 0x3a, 0xbe, 
    0x9a, 0x02, 0x5d, 0x3e, 0x36, 0xcb, 0x9d, 0x3e, 0x59, 0x1c, 0x44, 0x3d, 
    0x1b, 0x12, 0xb5, 0x3c, 0x3b, 0x11, 0xe2, 0xbd, 0x64, 0xbd, 0x1a, 0x3e, 
    0x13, 0x12, 0x1b, 0xbe, 0x0f, 0x05, 0xeb, 0x3c, 0x38, 0x1f, 0x96, 0xbd, 
    0x8a, 0x13, 0x25, 0xbe, 0xe5, 0x9b, 0xaa, 0xbc, 0xa9, 0x8e, 0x1a, 0xbe, 
    0xa8, 0xf6, 0xe8, 0xbd, 0xfa, 0x29, 0x25, 0xbe, 0x4f, 0xa8, 0x95, 0x3d, 
    0x87, 0x16, 0x83, 0xbd, 0xc5, 0x53, 0xce, 0xbe, 0x70, 0x0e, 0x16, 0xbd, 
    0x5b, 0x36, 0xa7, 0xbe, 0x70, 0x06, 0x34, 0xbe, 0x0a, 0xe9, 0x82, 0x3e, 
    0xa0, 0xf6, 0x02, 0x3d, 0x04, 0x65, 0x44, 0xbe, 0x33, 0x3c, 0x6a, 0x3e, 
    0xb8, 0xae, 0xbf, 0x3d, 0x2b, 0x78, 0xb5, 0x3c, 0x21, 0x8f, 0x83, 0x3e, 
    0xce, 0x83, 0x27, 0x3e, 0xe9, 0x32, 0x0e, 0x3e, 0x4a, 0x74, 0x2a, 0x3e, 
    0xce, 0x7d, 0xe3, 0xbd, 0x4d, 0xce, 0x5c, 0x3e, 0x12, 0xf2, 0xff, 0x3d, 
    0x7f, 0x17, 0x1d, 0x3e, 0x25, 0xc1, 0x63, 0xbe, 0x2c, 0x37, 0x41, 0x3e, 
    0x31, 0xbf, 0x45, 0xbb, 0x9a, 0x64, 0x06, 0x3d, 0x01, 0x05, 0x47, 0x3e, 
    0x38, 0x99, 0xd6, 0x3e, 0xbe, 0xc5, 0x18, 0xbd, 0xe4, 0x6c, 0x0c, 0x3d, 
    0x32, 0xd6, 0xef, 0xba, 0x1d, 0x91, 0x14, 0x3c, 0x17, 0xc8, 0x03, 0x3f, 
    0x05, 0x77, 0x13, 0x3e, 0xc4, 0x85, 0x3f, 0x3d, 0x46, 0xef, 0xe2, 0x3e, 
    0x1d, 0x48, 0xff, 0xbd, 0xcf, 0x38, 0xbc, 0x3e, 0xac, 0xd1, 0x70, 0xbd, 
    0x0b, 0x34, 0xb1, 0x3d, 0xc0, 0xd9, 0x32, 0xbd, 0xcb, 0x5c, 0xe8, 0xbd, 
    0x6a, 0xe8, 0x30, 0xbe, 0xcf, 0x72, 0x8b, 0xbe, 0xbe, 0x8b, 0x27, 0xbe, 
    0x61, 0xed, 0xaa, 0x3d, 0x35, 0x97, 0xea, 0x3d, 0x50, 0x0a, 0xde, 0x3d, 
    0xbb, 0xd1, 0x89, 0xbe, 0x62, 0xe3, 0xab, 0x3d, 0x3d, 0xbb, 0x6f, 0xbe, 
    0x87, 0xe8, 0xec, 0xbe, 0xfd, 0xa1, 0x6d, 0xbe, 0x58, 0xd2, 0x32, 0xbe, 
    0x69, 0x83, 0x9b, 0xbc, 0x02, 0x8d, 0x80, 0xbe, 0xa2, 0x15, 0x70, 0x3e, 
    0xae, 0xc3, 0x95, 0xbe, 0x6a, 0xb8, 0x5b, 0xbe, 0x8f, 0x2e, 0x70, 0xbe, 
    0x81, 0xcb, 0xce, 0xba, 0xba, 0x28, 0x93, 0x3e, 0x97, 0x77, 0xd1, 0x3e, 
    0x82, 0x49, 0x8b, 0x3d, 0x82, 0xd3, 0xe0, 0x3d, 0xf1, 0x41, 0x54, 0xbd, 
    0x0c, 0x43, 0x3d, 0xbe, 0xf4, 0x71, 0x26, 0xbe, 0x20, 0x5c, 0xcf, 0xbe, 
    0xc3, 0x99, 0xdd, 0x3e, 0xdd, 0x31, 0x89, 0x3e, 0x90, 0x92, 0x9e, 0x3c, 
    0x0b, 0xaf, 0xa3, 0xbe, 0x0f, 0x9a, 0x6e, 0x3d, 0x59, 0x4b, 0x00, 0x3e, 
    0x8d, 0x92, 0x84, 0xbd, 0x75, 0x22, 0x90, 0x3c, 0x51, 0xed, 0x20, 0xbd, 
    0xef, 0xa8, 0x40, 0xbe, 0x05, 0x5e, 0xf7, 0xbd, 0xd6, 0x8f, 0xb7, 0x3e, 
    0xb3, 0xb6, 0x6e, 0xbe, 0xfd, 0xcd, 0xaa, 0x3e, 0x66, 0x7e, 0xb9, 0xbe, 
    0xf2, 0x66, 0x5e, 0x3e, 0x48, 0x10, 0xe9, 0x3d, 0x93, 0x4a, 0x3e, 0xbd, 
    0x5c, 0x01, 0xc4, 0xbc, 0xc2, 0x31, 0xd1, 0xbd, 0xec, 0xdc, 0x51, 0x3e, 
    0xce, 0xc7, 0xee, 0xbd, 0x17, 0xf3, 0x1a, 0xbe, 0x09, 0x25, 0xe0, 0xbd, 
    0x2c, 0x21, 0x8d, 0x3d, 0x7c, 0x01, 0x48, 0xbd, 0xd5, 0x6f, 0x9a, 0x3d, 
    0x32, 0x7f, 0xfa, 0x3d, 0xc5, 0x22, 0x5f, 0x3e, 0x53, 0x5a, 0xa4, 0x3d, 
    0x01, 0xea, 0x6f, 0x3d, 0x8a, 0x4b, 0x26, 0x3f, 0x6c, 0x08, 0x4e, 0xbd, 
    0xb1, 0xda, 0x0a, 0x3e, 0x6a, 0xa4, 0xd7, 0x3e, 0x7d, 0x6d, 0x49, 0xbe, 
    0x0e, 0xda, 0x18, 0x3e, 0x14, 0x95, 0xe4, 0x3d, 0x4e, 0xf2, 0x13, 0x3e, 
    0x22, 0xe7, 0xb7, 0xbe, 0x32, 0x15, 0x75, 0x3d, 0x4e, 0xb9, 0x3d, 0xbe, 
    0xc6, 0xc3, 0xa5, 0xbe, 0x26, 0x05, 0x1e, 0xbe, 0x07, 0x4c, 0x86, 0x3d, 
    0xeb, 0x68, 0xec, 0xbd, 0x0e, 0xf5, 0x46, 0xbe, 0xd1, 0xfc, 0x03, 0xbe, 
    0xe0, 0xeb, 0x37, 0xbb, 0xf8, 0xcc, 0xd9, 0x3e, 0xc0, 0x56, 0x1b, 0xbe, 
    0xc1, 0xd3, 0xdf, 0x3d, 0xef, 0xf5, 0xae, 0x3c, 0xc4, 0x69, 0x81, 0xbc, 
    0x91, 0x58, 0x20, 0x3e, 0x15, 0x65, 0x89, 0x3e, 0x1e, 0x1e, 0xc1, 0xbd, 
    0xf4, 0xf3, 0x30, 0xbf, 0x1f, 0x8f, 0xc6, 0xbd, 0x2f, 0xfa, 0x52, 0xbe, 
    0xbb, 0xc3, 0xa1, 0xbd, 0x39, 0x18, 0x3f, 0x3e, 0x9c, 0xa0, 0x68, 0x3e, 
    0x66, 0xd1, 0xa5, 0xbd, 0x2c, 0xc5, 0x17, 0xbe, 0x26, 0xd7, 0xa0, 0x3e, 
    0xc1, 0x30, 0x6d, 0xbd, 0x79, 0x1f, 0x8c, 0xbd, 0x54, 0xc1, 0x03, 0xbd, 
    0x03, 0xa2, 0x78, 0x3e, 0x9a, 0xf4, 0x20, 0xbe, 0x2f, 0x25, 0x06, 0x3d, 
    0x3b, 0x05, 0x9b, 0xbe, 0xd9, 0x4c, 0x11, 0xbe, 0xbd, 0x21, 0xb7, 0x3e, 
    0x92, 0x93, 0xbc, 0xbe, 0xf1, 0x53, 0x83, 0xbd, 0xcd, 0x02, 0xb5, 0x3e, 
    0xf8, 0x21, 0xe4, 0x3d, 0x4a, 0x89, 0x41, 0xbc, 0x2a, 0xf4, 0xb3, 0x3d, 
    0x12, 0x3a, 0x1a, 0xbe, 0x9a, 0x62, 0x15, 0x3d, 0xb3, 0xf6, 0xb6, 0xbd, 
    0x68, 0x58, 0x0d, 0x3d, 0xff, 0x73, 0xd0, 0xbe, 0x0f, 0x9d, 0xf9, 0xbc, 
    0x16, 0xd2, 0xa4, 0x3e, 0x2f, 0xef, 0xd4, 0x3e, 0x78, 0x9b, 0x8a, 0xbe, 
    0x0b, 0x58, 0xe7, 0xbd, 0x8b, 0x8f, 0xf9, 0x3c, 0x35, 0x74, 0x92, 0x3d, 
    0x18, 0x8e, 0x02, 0x3f, 0x3e, 0x11, 0x1f, 0xbd, 0x1e, 0xac, 0xcf, 0x3d, 
    0x48, 0x9e, 0x82, 0x3d, 0x8a, 0x8d, 0x4f, 0x39, 0xf2, 0xd9, 0x80, 0xbd, 
    0x77, 0xb9, 0x25, 0xbe, 0x5e, 0xac, 0x1f, 0xbf, 0x6b, 0xb0, 0x49, 0x3e, 
    0x5a, 0x37, 0xbe, 0xbd, 0x54, 0xd3, 0x1c, 0x3e, 0x7d, 0x37, 0xbf, 0x3d, 
    0x6d, 0x9a, 0xc8, 0xbd, 0x71, 0x7b, 0xd6, 0x3e, 0xe5, 0xbe, 0x98, 0x3d, 
    0x39, 0x54, 0x0f, 0x3c, 0xfd, 0x31, 0x08, 0x3e, 0xcb, 0x29, 0xc9, 0x3d, 
    0x0a, 0xe6, 0x89, 0xbe, 0x13, 0x27, 0x4a, 0xbe, 0xb3, 0xd5, 0xa3, 0xbd, 
    0x75, 0xb1, 0x34, 0x3c, 0xca, 0xce, 0x92, 0xbe, 0xed, 0xc7, 0x5d, 0xbe, 
    0xa4, 0x3d, 0xcf, 0xbd, 0x96, 0x31, 0x26, 0x3e, 0x6a, 0x06, 0x59, 0xbd, 
    0xce, 0x89, 0xf9, 0x3d, 0x22, 0x3f, 0x6e, 0x3c, 0xdc, 0x83, 0x0a, 0x3e, 
    0xd2, 0x67, 0xa0, 0xbe, 0x3e, 0x3c, 0xb0, 0xbe, 0x76, 0xf7, 0xda, 0x3d, 
    0x4f, 0x15, 0xb1, 0xbc, 0xeb, 0x27, 0x52, 0x3e, 0xa1, 0x0d, 0xfc, 0xbe, 
    0xb7, 0x57, 0x40, 0x3e, 0x70, 0xf6, 0x2b, 0x3e, 0xf4, 0x52, 0x55, 0x3e, 
    0x56, 0x50, 0x3d, 0xbe, 0x16, 0xf6, 0xf5, 0xbe, 0xb5, 0x25, 0xd3, 0xbd, 
    0x68, 0xb8, 0x3e, 0xbe, 0xa2, 0x63, 0x54, 0x3e, 0xa3, 0x4f, 0x84, 0x3e, 
    0xf0, 0x47, 0xfd, 0x3d, 0xce, 0xf1, 0x3a, 0x3d, 0xd0, 0x02, 0x36, 0xbe, 
    0x41, 0x29, 0x15, 0x3e, 0xc7, 0x30, 0xa1, 0xbe, 0xed, 0x32, 0x9f, 0x3d, 
    0x07, 0x33, 0xd1, 0xbe, 0x17, 0xf2, 0xba, 0x3d, 0xa8, 0xdd, 0xe2, 0xbd, 
    0x53, 0x92, 0x7c, 0x3d, 0xa6, 0x8a, 0xd6, 0xbe, 0x87, 0xf3, 0xc9, 0xbe, 
    0x03, 0x0f, 0x98, 0x3d, 0xd9, 0x3f, 0x86, 0x3c, 0xa5, 0x39, 0x3a, 0xbe, 
    0xd5, 0x15, 0x9a, 0x3e, 0x83, 0xd5, 0x4d, 0x3e, 0xc1, 0x5b, 0xdf, 0x3d, 
    0x0d, 0xea, 0xdc, 0x3d, 0xb3, 0x05, 0x1c, 0xbe, 0xab, 0x8e, 0x2a, 0x3e, 
    0x70, 0xa8, 0x56, 0x39, 0x15, 0x1a, 0xeb, 0x3d, 0x40, 0xf1, 0x38, 0xbe, 
    0x20, 0x45, 0x13, 0x3e, 0x0c, 0x68, 0x26, 0x3e, 0x44, 0x8b, 0x34, 0x3e, 
    0x99, 0x50, 0xc8, 0x3e, 0x59, 0x06, 0xc1, 0x3e, 0x6a, 0xde, 0x81, 0x3d, 
    0x49, 0x81, 0xbe, 0x3c, 0x78, 0xc3, 0x52, 0x3d, 0x58, 0x7f, 0x81, 0x3d, 
    0xa1, 0xe8, 0x35, 0x3d, 0xda, 0x99, 0xbd, 0xbe, 0x4f, 0xfa, 0x8a, 0xbe, 
    0x1c, 0x5c, 0x58, 0xbe, 0x1e, 0x75, 0x36, 0x3d, 0x7c, 0x49, 0x18, 0xbd, 
    0xd6, 0xdd, 0x19, 0xbe, 0x14, 0xdd, 0xbc, 0xbc, 0xb3, 0xc2, 0x0d, 0x3e, 
    0x92, 0xa9, 0xd4, 0x3d, 0x2a, 0x17, 0x0f, 0xbe, 0xc0, 0xb0, 0xc2, 0x3b, 
    0x45, 0x1f, 0x9f, 0xbb, 0x62, 0x29, 0x0b, 0xbd, 0x9d, 0xc7, 0x94, 0x3e, 
    0x50, 0x88, 0x59, 0x3e, 0x5c, 0xd8, 0x4d, 0xbd, 0x71, 0xde, 0x8d, 0xbe, 
    0x1c, 0xce, 0x07, 0xbe, 0x30, 0x81, 0x74, 0xbe, 0xbd, 0x4d, 0x1b, 0x3e, 
    0x6a, 0x9f, 0x2c, 0xbe, 0x44, 0x93, 0xb2, 0xbe, 0x8f, 0x85, 0x7c, 0x3d, 
    0x76, 0xb3, 0x5e, 0xbe, 0x5e, 0x5f, 0x03, 0xbe, 0x51, 0xcc, 0x40, 0x3e, 
    0xbe, 0xac, 0x88, 0x3e, 0xad, 0xd3, 0x75, 0x3e, 0xf9, 0x09, 0xdd, 0xbd, 
    0xfd, 0x7b, 0x79, 0xbe, 0x53, 0xf1, 0x77, 0xbe, 0xe6, 0x02, 0xfd, 0x3d, 
    0x36, 0x24, 0x60, 0xbb, 0x2a, 0x00, 0xb3, 0xbe, 0x69, 0x0c, 0x02, 0x3e, 
    0xcc, 0xc6, 0x5e, 0xbf, 0xd5, 0x41, 0x45, 0x3e, 0x74, 0xcf, 0xdf, 0x3c, 
    0xab, 0xd5, 0x3f, 0xbe, 0x88, 0x1f, 0xfe, 0xbc, 0x15, 0xf8, 0x53, 0xbd, 
    0xb5, 0x01, 0x8c, 0x3d, 0xc3, 0xb5, 0x2b, 0xbd, 0x00, 0xf4, 0xbe, 0x3d, 
    0x8a, 0x8c, 0x48, 0x3e, 0xc1, 0xb9, 0xb8, 0xbd, 0x92, 0xe8, 0x56, 0x3d, 
    0xa3, 0x7d, 0x36, 0x3c, 0xee, 0xc1, 0xe9, 0xbb, 0x89, 0xe7, 0xec, 0xbe, 
    0x2f, 0xbb, 0x99, 0x3e, 0x02, 0x48, 0x00, 0x3e, 0x96, 0xd5, 0xa9, 0xbd, 
    0x5d, 0x17, 0xe7, 0xbd, 0x54, 0x1c, 0xfd, 0x3b, 0x5c, 0x48, 0x0d, 0xbe, 
    0xd6, 0x3e, 0x4e, 0xbe, 0x46, 0xc4, 0xa7, 0x3e, 0x37, 0x70, 0x22, 0x3e, 
    0xfa, 0x16, 0x87, 0x3d, 0x12, 0x6e, 0x46, 0xbe, 0x93, 0xf5, 0xb3, 0x3d, 
    0xf9, 0xaf, 0xb3, 0x3e, 0x5d, 0x57, 0x0c, 0xbe, 0x13, 0x5b, 0x9d, 0x3c, 
    0xec, 0x17, 0xe4, 0x3d, 0xbd, 0xd6, 0x13, 0x3d, 0x4f, 0xec, 0xa3, 0xbe, 
    0x8c, 0xbc, 0xbe, 0xbd, 0x30, 0x90, 0x62, 0xbe, 0xe2, 0x6f, 0x69, 0x3d, 
    0x24, 0x70, 0x9f, 0x3e, 0x6f, 0x6b, 0x80, 0xbd, 0x49, 0x65, 0x28, 0x3d, 
    0x77, 0xeb, 0x5c, 0x3e, 0xf6, 0x6f, 0x74, 0xbd, 0x9c, 0xab, 0x14, 0x3e, 
    0x83, 0xda, 0x12, 0xbe, 0xf5, 0x20, 0xfc, 0xbc, 0x53, 0x73, 0x68, 0xbe, 
    0xa3, 0xb8, 0xe8, 0x3d, 0xf3, 0xa8, 0xde, 0x3c, 0x57, 0x96, 0x44, 0x3e, 
    0x11, 0xb3, 0x4a, 0x3e, 0x18, 0xe5, 0x24, 0xbe, 0x89, 0xd0, 0xe1, 0x3c, 
    0x1a, 0x88, 0xba, 0x3d, 0xf5, 0x1f, 0x40, 0x3e, 0x01, 0xba, 0x8d, 0xbe, 
    0xc0, 0x77, 0xe9, 0xbd, 0x99, 0xeb, 0x40, 0xbe, 0x06, 0xa7, 0xbe, 0x39, 
    0xe2, 0xbb, 0x5d, 0xbd, 0xd0, 0xc0, 0x2b, 0x3e, 0xfb, 0x67, 0x68, 0x3e, 
    0x4c, 0x27, 0xdd, 0x3d, 0x26, 0xf7, 0x72, 0xbd, 0xd7, 0x79, 0x20, 0x3e, 
    0xdb, 0xec, 0x0b, 0xbd, 0xb5, 0xfb, 0xfa, 0xbe, 0xc3, 0xcc, 0x99, 0x3d, 
    0x31, 0x94, 0x32, 0xbd, 0x6c, 0x6e, 0x9f, 0x3c, 0x3f, 0x8f, 0x36, 0xbe, 
    0x32, 0x5e, 0x0e, 0x3e, 0x14, 0x72, 0x18, 0xbb, 0xbe, 0xfd, 0xff, 0xff, 
    0x04, 0x00, 0x00, 0x00, 0x00, 0x01, 0x00, 0x00, 0xab, 0xb7, 0x41, 0x3e, 
    0xf6, 0x35, 0x65, 0xbc, 0xa7, 0x00, 0x23, 0xbc, 0x6b, 0xc5, 0x4b, 0x3e, 
    0x2d, 0x26, 0xa7, 0xbd, 0x74, 0x35, 0xcf, 0xbd, 0xab, 0x46, 0xe3, 0x3d, 
    0xe8, 0xc3, 0xc7, 0x3d, 0x8d, 0x58, 0x2b, 0xbe, 0x0c, 0x7c, 0x16, 0x3d, 
    0x22, 0xf0, 0x94, 0x3d, 0x3d, 0xf0, 0xbe, 0x3d, 0x5a, 0x60, 0x1e, 0x3d, 
    0x9a, 0x41, 0x6b, 0xbe, 0x2e, 0xad, 0x8b, 0x3d, 0x9d, 0xec, 0x02, 0xbe, 
    0xf7, 0xe4, 0x1e, 0xbd, 0x5c, 0x0c, 0x25, 0x3d, 0xed, 0x71, 0xca, 0x3d, 
    0xd3, 0xac, 0x34, 0xbe, 0x0b, 0xd1, 0xc6, 0xbd, 0xf1, 0x9b, 0x9b, 0xbc, 
    0x01, 0x01, 0x44, 0x3e, 0xb8, 0xfa, 0x9f, 0x3c, 0xcc, 0xfc, 0x9a, 0xbc, 
    0xcd, 0xc9, 0xaf, 0xbd, 0x26, 0xba, 0xf6, 0x3d, 0xc7, 0x93, 0x65, 0xbc, 
    0x47, 0x0b, 0xa8, 0x3d, 0x66, 0x4c, 0x2c, 0xbe, 0xbd, 0xb1, 0x3e, 0x3b, 
    0xda, 0xbc, 0x87, 0x3d, 0xdd, 0x41, 0x0f, 0x3e, 0x3a, 0x49, 0x3e, 0xbe, 
    0x4f, 0xbf, 0xf3, 0x3d, 0x8c, 0x3a, 0xd6, 0xbc, 0xfd, 0x78, 0xb2, 0x3d, 
    0x36, 0xbf, 0x46, 0xbd, 0x99, 0x1c, 0x52, 0xbc, 0x90, 0x63, 0x0e, 0xbd, 
    0xf2, 0xdd, 0x23, 0xbe, 0xa1, 0xc1, 0x3c, 0xbe, 0x2c, 0xc1, 0x51, 0x3d, 
    0xfd, 0xdf, 0xda, 0x3d, 0x8b, 0x02, 0xfa, 0x3d, 0x27, 0x9b, 0x33, 0xbe, 
    0xe9, 0x1c, 0x11, 0x3e, 0x8a, 0xd1, 0x81, 0xbd, 0xd3, 0xe4, 0x5b, 0x3d, 
    0xc5, 0xa0, 0x58, 0xbd, 0x1d, 0x58, 0x09, 0xbd, 0xa9, 0x92, 0x0a, 0xbe, 
    0x98, 0x68, 0xde, 0xbc, 0x06, 0x17, 0x76, 0xbd, 0x14, 0x21, 0xa0, 0xbc, 
    0x92, 0x0a, 0x84, 0xbe, 0x86, 0x59, 0x92, 0x3d, 0xa6, 0x21, 0x55, 0x3d, 
    0x61, 0x65, 0xc5, 0xbc, 0xc4, 0x0c, 0x6e, 0xbd, 0xfd, 0xce, 0xea, 0x3d, 
    0xfb, 0xa2, 0x4e, 0x3d, 0x3f, 0x72, 0xff, 0xbd, 0x9e, 0xc9, 0x8a, 0x3d, 
    0xca, 0xfe, 0xff, 0xff, 0x04, 0x00, 0x00, 0x00, 0x08, 0x00, 0x00, 0x00, 
    0x67, 0x11, 0x7c, 0xbd, 0x15, 0x0e, 0x7c, 0x3d, 0xde, 0xfe, 0xff, 0xff, 
    0x04, 0x00, 0x00, 0x00, 0x80, 0x00, 0x00, 0x00, 0xc5, 0x5b, 0xb5, 0xbd, 
    0xe9, 0x29, 0x78, 0x3d, 0x0e, 0x09, 0x03, 0x3e, 0x8c, 0xad, 0x56, 0xba, 
    0x09, 0x7a, 0x9e, 0x3d, 0x4b, 0xb4, 0xf1, 0xbc, 0x2f, 0xe7, 0x18, 0x3e, 
    0xf3, 0xdc, 0x19, 0xbd, 0x12, 0x63, 0xa2, 0xbd, 0x01, 0xa1, 0xc9, 0x3d, 
    0x0f, 0x0a, 0x32, 0x3e, 0xdc, 0xf2, 0x01, 0x3a, 0xb5, 0x00, 0x63, 0x3c, 
    0x75, 0x63, 0xea, 0x3d, 0x81, 0x2d, 0x0d, 0x3b, 0xf2, 0x9d, 0xb5, 0x3d, 
    0x5d, 0xaa, 0x45, 0x3e, 0x3e, 0xac, 0x2f, 0x3d, 0x6c, 0xc2, 0x46, 0x3d, 
    0x12, 0x90, 0x9c, 0x3d, 0x20, 0x7e, 0x4a, 0x3e, 0x9b, 0x8a, 0x1e, 0xbd, 
    0xed, 0x07, 0x73, 0x3e, 0xa4, 0x1d, 0x53, 0x3e, 0xfd, 0xc0, 0x40, 0x3d, 
    0x29, 0x73, 0x21, 0x3e, 0x4d, 0xd7, 0x71, 0xbd, 0x81, 0x6a, 0x85, 0x3d, 
    0x38, 0x14, 0x24, 0xbe, 0xdb, 0x6b, 0x13, 0xbe, 0x70, 0x0e, 0x49, 0x3c, 
    0xb1, 0x56, 0x42, 0x3e, 0x4c, 0xfa, 0xff, 0xff, 0x50, 0xfa, 0xff, 0xff, 
    0x0f, 0x00, 0x00, 0x00, 0x4d, 0x4c, 0x49, 0x52, 0x20, 0x43, 0x6f, 0x6e, 
    0x76, 0x65, 0x72, 0x74, 0x65, 0x64, 0x2e, 0x00, 0x01, 0x00, 0x00, 0x00, 
    0x14, 0x00, 0x00, 0x00, 0x00, 0x00, 0x0e, 0x00, 0x18, 0x00, 0x14, 0x00, 
    0x10, 0x00, 0x0c, 0x00, 0x08, 0x00, 0x04, 0x00, 0x0e, 0x00, 0x00, 0x00, 
    0x14, 0x00, 0x00, 0x00, 0x1c, 0x00, 0x00, 0x00, 0x34, 0x01, 0x00, 0x00, 
    0x38, 0x01, 0x00, 0x00, 0x3c, 0x01, 0x00, 0x00, 0x04, 0x00, 0x00, 0x00, 
    0x6d, 0x61, 0x69, 0x6e, 0x00, 0x00, 0x00, 0x00, 0x04, 0x00, 0x00, 0x00, 
    0xdc, 0x00, 0x00, 0x00, 0x94, 0x00, 0x00, 0x00, 0x50, 0x00, 0x00, 0x00, 
    0x14, 0x00, 0x00, 0x00, 0x00, 0x00, 0x0e, 0x00, 0x1a, 0x00, 0x14, 0x00, 
    0x10, 0x00, 0x0c, 0x00, 0x0b, 0x00, 0x04, 0x00, 0x0e, 0x00, 0x00, 0x00, 
    0x1c, 0x00, 0x00, 0x00, 0x00, 0x00, 0x00, 0x09, 0x1c, 0x00, 0x00, 0x00, 
    0x20, 0x00, 0x00, 0x00, 0x01, 0x00, 0x00, 0x00, 0x00, 0x00, 0x06, 0x00, 
    0x08, 0x00, 0x04, 0x00, 0x06, 0x00, 0x00, 0x00, 0x00, 0x00, 0x80, 0x3f, 
    0x01, 0x00, 0x00, 0x00, 0x0a, 0x00, 0x00, 0x00, 0x01, 0x00, 0x00, 0x00, 
    0x09, 0x00, 0x00, 0x00, 0xce, 0xff, 0xff, 0xff, 0x10, 0x00, 0x00, 0x00, 
    0x00, 0x00, 0x00, 0x08, 0x0c, 0x00, 0x00, 0x00, 0x10, 0x00, 0x00, 0x00, 
    0x14, 0xfb, 0xff, 0xff, 0x01, 0x00, 0x00, 0x00, 0x09, 0x00, 0x00, 0x00, 
    0x03, 0x00, 0x00, 0x00, 0x08, 0x00, 0x00, 0x00, 0x06, 0x00, 0x00, 0x00, 
    0x02, 0x00, 0x00, 0x00, 0x00, 0x00, 0x0e, 0x00, 0x14, 0x00, 0x00, 0x00, 
    0x10, 0x00, 0x0c, 0x00, 0x0b, 0x00, 0x04, 0x00, 0x0e, 0x00, 0x00, 0x00, 
    0x10, 0x00, 0x00, 0x00, 0x00, 0x00, 0x00, 0x08, 0x10, 0x00, 0x00, 0x00, 
    0x14, 0x00, 0x00, 0x00, 0xba, 0xff, 0xff, 0xff, 0x00, 0x00, 0x00, 0x01, 
    0x01, 0x00, 0x00, 0x00, 0x08, 0x00, 0x00, 0x00, 0x03, 0x00, 0x00, 0x00, 
    0x07, 0x00, 0x00, 0x00, 0x05, 0x00, 0x00, 0x00, 0x01, 0x00, 0x00, 0x00, 
    0x00, 0x00, 0x0e, 0x00, 0x16, 0x00, 0x00, 0x00, 0x10, 0x00, 0x0c, 0x00, 
    0x0b, 0x00, 0x04, 0x00, 0x0e, 0x00, 0x00, 0x00, 0x18, 0x00, 0x00, 0x00, 
    0x00, 0x00, 0x00, 0x08, 0x18, 0x00, 0x00, 0x00, 0x1c, 0x00, 0x00, 0x00, 
    0x00, 0x00, 0x06, 0x00, 0x08, 0x00, 0x07, 0x00, 0x06, 0x00, 0x00, 0x00, 
    0x00, 0x00, 0x00, 0x01, 0x01, 0x00, 0x00, 0x00, 0x07, 0x00, 0x00, 0x00, 
    0x03, 0x00, 0x00, 0x00, 0x00, 0x00, 0x00, 0x00, 0x04, 0x00, 0x00, 0x00, 
    0x03, 0x00, 0x00, 0x00, 0x01, 0x00, 0x00, 0x00, 0x0a, 0x00, 0x00, 0x00, 
    0x01, 0x00, 0x00, 0x00, 0x00, 0x00, 0x00, 0x00, 0x0b, 0x00, 0x00, 0x00, 
    0x04, 0x04, 0x00, 0x00, 0x94, 0x03, 0x00, 0x00, 0x24, 0x03, 0x00, 0x00, 
    0xd0, 0x02, 0x00, 0x00, 0x88, 0x02, 0x00, 0x00, 0x3c, 0x02, 0x00, 0x00, 
    0xf0, 0x01, 0x00, 0x00, 0x68, 0x01, 0x00, 0x00, 0xd8, 0x00, 0x00, 0x00, 
    0x60, 0x00, 0x00, 0x00, 0x04, 0x00, 0x00, 0x00, 0x3e, 0xfc, 0xff, 0xff, 
    0x00, 0x00, 0x00, 0x01, 0x14, 0x00, 0x00, 0x00, 0x1c, 0x00, 0x00, 0x00, 
    0x1c, 0x00, 0x00, 0x00, 0x0b, 0x00, 0x00, 0x00, 0x34, 0x00, 0x00, 0x00, 
    0x02, 0x00, 0x00, 0x00, 0xff, 0xff, 0xff, 0xff, 0x02, 0x00, 0x00, 0x00, 
    0x28, 0xfc, 0xff, 0xff, 0x19, 0x00, 0x00, 0x00, 0x53, 0x74, 0x61, 0x74, 
    0x65, 0x66, 0x75, 0x6c, 0x50, 0x61, 0x72, 0x74, 0x69, 0x74, 0x69, 0x6f, 
    0x6e, 0x65, 0x64, 0x43, 0x61, 0x6c, 0x6c, 0x3a, 0x30, 0x00, 0x00, 0x00, 
    0x02, 0x00, 0x00, 0x00, 0x01, 0x00, 0x00, 0x00, 0x02, 0x00, 0x00, 0x00, 
    0x96, 0xfc, 0xff, 0xff, 0x00, 0x00, 0x00, 0x01, 0x14, 0x00, 0x00, 0x00, 
    0x1c, 0x00, 0x00, 0x00, 0x1c, 0x00, 0x00, 0x00, 0x0a, 0x00, 0x00, 0x00, 
    0x50, 0x00, 0x00, 0x00, 0x02, 0x00, 0x00, 0x00, 0xff, 0xff, 0xff, 0xff, 
    0x02, 0x00, 0x00, 0x00, 0x80, 0xfc, 0xff, 0xff, 0x34, 0x00, 0x00, 0x00, 
    0x73, 0x65, 0x71, 0x75, 0x65, 0x6e, 0x74, 0x69, 0x61, 0x6c, 0x2f, 0x64, 
    0x65, 0x6e, 0x73, 0x65, 0x5f, 0x32, 0x2f, 0x4d, 0x61, 0x74, 0x4d, 0x75, 
    0x6c, 0x3b, 0x73, 0x65, 0x71, 0x75, 0x65, 0x6e, 0x74, 0x69, 0x61, 0x6c, 
    0x2f, 0x64, 0x65, 0x6e, 0x73, 0x65, 0x5f, 0x32, 0x2f, 0x42, 0x69, 0x61, 
    0x73, 0x41, 0x64, 0x64, 0x00, 0x00, 0x00, 0x00, 0x02, 0x00, 0x00, 0x00, 
    0x01, 0x00, 0x00, 0x00, 0x02, 0x00, 0x00, 0x00, 0x0a, 0xfd, 0xff, 0xff, 
    0x00, 0x00, 0x00, 0x01, 0x14, 0x00, 0x00, 0x00, 0x1c, 0x00, 0x00, 0x00, 
    0x1c, 0x00, 0x00, 0x00, 0x09, 0x00, 0x00, 0x00, 0x68, 0x00, 0x00, 0x00, 
    0x02, 0x00, 0x00, 0x00, 0xff, 0xff, 0xff, 0xff, 0x20, 0x00, 0x00, 0x00, 
    0xf4, 0xfc, 0xff, 0xff, 0x4c, 0x00, 0x00, 0x00, 0x73, 0x65, 0x71, 0x75, 
    0x65, 0x6e, 0x74, 0x69, 0x61, 0x6c, 0x2f, 0x64, 0x65, 0x6e, 0x73, 0x65, 
    0x5f, 0x31, 0x2f, 0x4d, 0x61, 0x74, 0x4d, 0x75, 0x6c, 0x3b, 0x73, 0x65, 
    0x71, 0x75, 0x65, 0x6e, 0x74, 0x69, 0x61, 0x6c, 0x2f, 0x64, 0x65, 0x6e, 
    0x73, 0x65, 0x5f, 0x31, 0x2f, 0x52, 0x65, 0x6c, 0x75, 0x3b, 0x73, 0x65, 
    0x71, 0x75, 0x65, 0x6e, 0x74, 0x69, 0x61, 0x6c, 0x2f, 0x64, 0x65, 0x6e, 
    0x73, 0x65, 0x5f, 0x31, 0x2f, 0x42, 0x69, 0x61, 0x73, 0x41, 0x64, 0x64, 
    0x00, 0x00, 0x00, 0x00, 0x02, 0x00, 0x00, 0x00, 0x01, 0x00, 0x00, 0x00, 
    0x20, 0x00, 0x00, 0x00, 0x96, 0xfd, 0xff, 0xff, 0x00, 0x00, 0x00, 0x01, 
    0x14, 0x00, 0x00, 0x00, 0x1c, 0x00, 0x00, 0x00, 0x1c, 0x00, 0x00, 0x00, 
    0x08, 0x00, 0x00, 0x00, 0x60, 0x00, 0x00, 0x00, 0x02, 0x00, 0x00, 0x00, 
    0xff, 0xff, 0xff, 0xff, 0x40, 0x00, 0x00, 0x00, 0x80, 0xfd, 0xff, 0xff, 
    0x46, 0x00, 0x00, 0x00, 0x73, 0x65, 0x71, 0x75, 0x65, 0x6e, 0x74, 0x69, 
    0x61, 0x6c, 0x2f, 0x64, 0x65, 0x6e, 0x73, 0x65, 0x2f, 0x4d, 0x61, 0x74, 
    0x4d, 0x75, 0x6c, 0x3b, 0x73, 0x65, 0x71, 0x75, 0x65, 0x6e, 0x74, 0x69, 
    0x61, 0x6c, 0x2f, 0x64, 0x65, 0x6e, 0x73, 0x65, 0x2f, 0x52, 0x65, 0x6c, 
    0x75, 0x3b, 0x73, 0x65, 0x71, 0x75, 0x65, 0x6e, 0x74, 0x69, 0x61, 0x6c, 
    0x2f, 0x64, 0x65, 0x6e, 0x73, 0x65, 0x2f, 0x42, 0x69, 0x61, 0x73, 0x41, 
    0x64, 0x64, 0x00, 0x00, 0x02, 0x00, 0x00, 0x00, 0x01, 0x00, 0x00, 0x00, 
    0x40, 0x00, 0x00, 0x00, 0x86, 0xfe, 0xff, 0xff, 0x00, 0x00, 0x00, 0x01, 
    0x10, 0x00, 0x00, 0x00, 0x10, 0x00, 0x00, 0x00, 0x07, 0x00, 0x00, 0x00, 
    0x28, 0x00, 0x00, 0x00, 0xf4, 0xfd, 0xff, 0xff, 0x19, 0x00, 0x00, 0x00, 
    0x73, 0x65, 0x71, 0x75, 0x65, 0x6e, 0x74, 0x69, 0x61, 0x6c, 0x2f, 0x64, 
    0x65, 0x6e, 0x73, 0x65, 0x5f, 0x32, 0x2f, 0x4d, 0x61, 0x74, 0x4d, 0x75, 
    0x6c, 0x00, 0x00, 0x00, 0x02, 0x00, 0x00, 0x00, 0x02, 0x00, 0x00, 0x00, 
    0x20, 0x00, 0x00, 0x00, 0xce, 0xfe, 0xff, 0xff, 0x00, 0x00, 0x00, 0x01, 
    0x10, 0x00, 0x00, 0x00, 0x10, 0x00, 0x00, 0x00, 0x06, 0x00, 0x00, 0x00, 
    0x28, 0x00, 0x00, 0x00, 0x3c, 0xfe, 0xff, 0xff, 0x19, 0x00, 0x00, 0x00, 
    0x73, 0x65, 0x71, 0x75, 0x65, 0x6e, 0x74, 0x69, 0x61, 0x6c, 0x2f, 0x64, 
    0x65, 0x6e, 0x73, 0x65, 0x5f, 0x31, 0x2f, 0x4d, 0x61, 0x74, 0x4d, 0x75, 
    0x6c, 0x00, 0x00, 0x00, 0x02, 0x00, 0x00, 0x00, 0x20, 0x00, 0x00, 0x00, 
    0x40, 0x00, 0x00, 0x00, 0x16, 0xff, 0xff, 0xff, 0x00, 0x00, 0x00, 0x01, 
    0x10, 0x00, 0x00, 0x00, 0x10, 0x00, 0x00, 0x00, 0x05, 0x00, 0x00, 0x00, 
    0x24, 0x00, 0x00, 0x00, 0x84, 0xfe, 0xff, 0xff, 0x17, 0x00, 0x00, 0x00, 
    0x73, 0x65, 0x71, 0x75, 0x65, 0x6e, 0x74, 0x69, 0x61, 0x6c, 0x2f, 0x64, 
    0x65, 0x6e, 0x73, 0x65, 0x2f, 0x4d, 0x61, 0x74, 0x4d, 0x75, 0x6c, 0x00, 
    0x02, 0x00, 0x00, 0x00, 0x40, 0x00, 0x00, 0x00, 0x26, 0x00, 0x00, 0x00, 
    0x5a, 0xff, 0xff, 0xff, 0x00, 0x00, 0x00, 0x01, 0x10, 0x00, 0x00, 0x00, 
    0x10, 0x00, 0x00, 0x00, 0x04, 0x00, 0x00, 0x00, 0x34, 0x00, 0x00, 0x00, 
    0xc8, 0xfe, 0xff, 0xff, 0x27, 0x00, 0x00, 0x00, 0x73, 0x65, 0x71, 0x75, 
    0x65, 0x6e, 0x74, 0x69, 0x61, 0x6c, 0x2f, 0x64, 0x65, 0x6e, 0x73, 0x65, 
    0x2f, 0x42, 0x69, 0x61, 0x73, 0x41, 0x64, 0x64, 0x2f, 0x52, 0x65, 0x61, 
    0x64, 0x56, 0x61, 0x72, 0x69, 0x61, 0x62, 0x6c, 0x65, 0x4f, 0x70, 0x00, 
    0x01, 0x00, 0x00, 0x00, 0x40, 0x00, 0x00, 0x00, 0xaa, 0xff, 0xff, 0xff, 
    0x00, 0x00, 0x00, 0x01, 0x10, 0x00, 0x00, 0x00, 0x10, 0x00, 0x00, 0x00, 
    0x03, 0x00, 0x00, 0x00, 0x38, 0x00, 0x00, 0x00, 0x18, 0xff, 0xff, 0xff, 
    0x29, 0x00, 0x00, 0x00, 0x73, 0x65, 0x71, 0x75, 0x65, 0x6e, 0x74, 0x69, 
    0x61, 0x6c, 0x2f, 0x64, 0x65, 0x6e, 0x73, 0x65, 0x5f, 0x32, 0x2f, 0x42, 
    0x69, 0x61, 0x73, 0x41, 0x64, 0x64, 0x2f, 0x52, 0x65, 0x61, 0x64, 0x56, 
    0x61, 0x72, 0x69, 0x61, 0x62, 0x6c, 0x65, 0x4f, 0x70, 0x00, 0x00, 0x00, 
    0x01, 0x00, 0x00, 0x00, 0x02, 0x00, 0x00, 0x00, 0x00, 0x00, 0x16, 0x00, 
    0x18, 0x00, 0x14, 0x00, 0x00, 0x00, 0x10, 0x00, 0x0c, 0x00, 0x08, 0x00, 
    0x00, 0x00, 0x00, 0x00, 0x00, 0x00, 0x07, 0x00, 0x16, 0x00, 0x00, 0x00, 
    0x00, 0x00, 0x00, 0x01, 0x10, 0x00, 0x00, 0x00, 0x10, 0x00, 0x00, 0x00, 
    0x02, 0x00, 0x00, 0x00, 0x38, 0x00, 0x00, 0x00, 0x84, 0xff, 0xff, 0xff, 
    0x29, 0x00, 0x00, 0x00, 0x73, 0x65, 0x71, 0x75, 0x65, 0x6e, 0x74, 0x69, 
    0x61, 0x6c, 0x2f, 0x64, 0x65, 0x6e, 0x73, 0x65, 0x5f, 0x31, 0x2f, 0x42, 
    0x69, 0x61, 0x73, 0x41, 0x64, 0x64, 0x2f, 0x52, 0x65, 0x61, 0x64, 0x56, 
    0x61, 0x72, 0x69, 0x61, 0x62, 0x6c, 0x65, 0x4f, 0x70, 0x00, 0x00, 0x00, 
    0x01, 0x00, 0x00, 0x00, 0x20, 0x00, 0x00, 0x00, 0x00, 0x00, 0x16, 0x00, 
    0x1c, 0x00, 0x18, 0x00, 0x00, 0x00, 0x14, 0x00, 0x10, 0x00, 0x0c, 0x00, 
    0x00, 0x00, 0x00, 0x00, 0x08, 0x00, 0x07, 0x00, 0x16, 0x00, 0x00, 0x00, 
    0x00, 0x00, 0x00, 0x01, 0x14, 0x00, 0x00, 0x00, 0x20, 0x00, 0x00, 0x00, 
    0x20, 0x00, 0x00, 0x00, 0x01, 0x00, 0x00, 0x00, 0x38, 0x00, 0x00, 0x00, 
    0x02, 0x00, 0x00, 0x00, 0xff, 0xff, 0xff, 0xff, 0x26, 0x00, 0x00, 0x00, 
    0x04, 0x00, 0x04, 0x00, 0x04, 0x00, 0x00, 0x00, 0x19, 0x00, 0x00, 0x00, 
    0x73, 0x65, 0x72, 0x76, 0x69, 0x6e, 0x67, 0x5f, 0x64, 0x65, 0x66, 0x61, 
    0x75, 0x6c, 0x74, 0x5f, 0x69, 0x6e, 0x70, 0x75, 0x74, 0x5f, 0x31, 0x3a, 
    0x30, 0x00, 0x00, 0x00, 0x02, 0x00, 0x00, 0x00, 0x01, 0x00, 0x00, 0x00, 
    0x26, 0x00, 0x00, 0x00, 0x02, 0x00, 0x00, 0x00, 0x20, 0x00, 0x00, 0x00, 
    0x04, 0x00, 0x00, 0x00, 0xf4, 0xff, 0xff, 0xff, 0x19, 0x00, 0x00, 0x00, 
    0x00, 0x00, 0x00, 0x19, 0x0c, 0x00, 0x0c, 0x00, 0x0b, 0x00, 0x00, 0x00, 
    0x00, 0x00, 0x04, 0x00, 0x0c, 0x00, 0x00, 0x00, 0x09, 0x00, 0x00, 0x00, 
    0x00, 0x00, 0x00, 0x09
};

#endif //NETWORK_MODEL_H